IntRate,MoneySupply,MinWages,GovDebt,Food,Housing,HouseItems,Clothing,Transport,Communication,Health,Personal,Education,INFLATION
1.46,24.199.689,136.00,492.136.23,0.84 ,0.19 ,0.43 ,0.21 ,0.39 ,1.82 ,0.59 ,0.12 ,3.05,0.62 
1.45,23.068.674,136.00,494.285.94,-0.25 ,0.01 ,0.29 ,-0.67 ,0.40 ,0.04 ,0.22 ,0.36 ,1.32,0.13 
1.45,22.732.484,136.00,493.089.13,-0.46 ,0.17 ,0.28 ,-1.44 ,1.68 ,0.07 ,0.27 ,-0.07 ,-0.26,0.22 
1.30,23.279.829,151.00,500.897.64,-0.36 ,0.00 ,0.19 ,0.72 ,0.51 ,-0.29 ,0.07 ,3.55 ,0.01,0.42 
1.49,22.470.333,151.00,505.608.51,-0.67 ,0.45 ,0.25 ,0.35 ,0.13 ,0.18 ,0.03 ,0.13 ,0.07,0.01 
1.39,23.226.893,151.00,508.589.35,0.11 ,-0.03 ,0.42 ,0.92 ,0.03 ,2.68 ,0.44 ,0.04 ,-0.19,0.23 
1.31,23.556.236,151.00,510.648.18,1.78 ,1.29 ,0.33 ,0.79 ,2.98 ,7.61 ,0.48 ,0.20 ,-0.25,1.61 
1.41,23.493.551,151.00,509.570.07,2.07 ,0.43 ,0.82 ,0.42 ,2.70 ,-0.04 ,0.89 ,0.32 ,0.20,1.31 
1.22,24.798.317,151.00,512.983.39,0.53 ,0.14 ,0.61 ,0.57 ,-0.01 ,0.19 ,-0.11 ,0.18 ,0.26,0.23 
1.29,24.265.860,151.00,520.874.05,0.16 ,0.04 ,0.39 ,0.63 ,0.13 ,0.05 ,-0.06 ,0.17 ,0.10,0.14 
1.22,25.540.755,151.00,520.317.24,-0.07 ,0.74 ,0.53 ,0.51 ,0.71 ,0.10 ,-0.11 ,0.07 ,0.20,0.32 
1.20,32.633.056,151.00,529.581.47,-0.48 ,0.96 ,0.55 ,1.07 ,1.87 ,0.04 ,-0.09 ,0.49 ,0.21,0.59 
1.27,27.419.363,151.00,541.333.74,0.63 ,0.65 ,0.60 ,-0.05 ,0.72 ,0.32 ,0.17 ,0.38 ,1.41,0.57 
1.02,28.152.323,151.00,550.253.48,0.05 ,0.38 ,0.13 ,-0.56 ,0.77 ,0.14 ,0.72 ,0.18 ,2.88,0.46 
1.26,26.731.201,151.00,561.959.20,1.17 ,0.15 ,-0.06 ,-0.42 ,0.12 ,0.07 ,0.60 ,0.04 ,0.49,0.38 
1.19,27.054.050,180.00,565.464.63,1.80 ,0.64 ,0.11 ,-0.11 ,-0.32 ,0.00 ,0.19 ,0.98 ,0.64,0.58 
1.34,26.844.819,180.00,581.727.09,0.58 ,1.06 ,-0.07 ,0.14 ,0.30 ,0.05 ,-0.05 ,0.50 ,0.07,0.41 
1.27,27.749.549,180.00,586.060.21,0.10 ,1.02 ,0.04 ,1.04 ,1.34 ,1.17 ,-0.64 ,0.08 ,0.14,0.52 
1.50,27.685.495,180.00,606.367.82,0.67 ,1.97 ,0.36 ,0.69 ,2.08 ,5.43 ,0.30 ,1.27 ,0.20,1.33 
1.60,28.004.843,180.00,622.953.86,0.83 ,0.78 ,0.25 ,0.43 ,0.64 ,0.39 ,0.73 ,1.05 ,0.45,0.70 
1.32,28.812.161,180.00,635.685.65,0.39 ,0.55 ,0.17 ,0.24 ,0.07 ,-0.15 ,0.37 ,0.16 ,0.40,0.28 
1.53,28.609.530,180.00,646.099.14,1.15 ,0.67 ,1.09 ,0.61 ,0.98 ,0.07 ,0.30 ,1.31 ,0.01,0.83 
1.39,30.066.738,180.00,638.367.60,1.31 ,0.68 ,1.14 ,0.89 ,0.35 ,0.04 ,0.45 ,0.60 ,0.31,0.71 
1.39,37.668.836,180.00,648.685.21,0.56 ,0.48 ,1.25 ,1.91 ,0.69 ,-0.05 ,0.99 ,0.17 ,0.12,0.65 
1.53,32.388.231,180.00,667.556.51,0.85 ,2.81 ,1.05 ,0.55 ,-1.50 ,0.43 ,0.30 ,0.57 ,0.41,0.52 
1.25,32.102.817,180.00,662.702.47,0.20 ,0.23 ,0.66 ,-0.67 ,-0.50 ,0.40 ,1.10 ,0.37 ,4.70,0.36 
1.37,32.547.930,180.00,659.375.87,0.39 ,0.93 ,-0.13 ,0.00 ,1.04 ,0.02 ,1.29 ,-0.25 ,0.65,0.60 
1.48,31.178.230,200.00,666.783.78,-0.32 ,1.40 ,-0.02 ,1.05 ,2.02 ,0.01 ,0.76 ,0.54 ,0.38,0.80 
1.41,32.930.327,200.00,689.710.63,-0.59 ,0.28 ,0.83 ,1.39 ,0.33 ,0.00 ,0.17 ,0.68 ,0.44,0.21 
1.33,33.899.629,200.00,729.391.55,0.08 ,1.09 ,0.06 ,1.39 ,0.32 ,0.22 ,0.23 ,0.29 ,0.18,0.42 
1.54,34.679.951,200.00,805.192.46,1.05 ,1.80 ,0.21 ,0.91 ,0.55 ,9.31 ,0.53 ,1.02 ,0.12,1.19 
1.44,36.396.984,200.00,757.627.40,1.94 ,0.43 ,0.66 ,0.21 ,-0.15 ,0.47 ,0.50 ,0.53 ,0.29,0.65 
1.38,37.819.862,200.00,859.038.50,1.96 ,-0.39 ,1.73 ,0.55 ,0.34 ,0.11 ,0.64 ,0.61 ,0.40,0.72 
1.65,39.188.893,200.00,837.604.54,2.79 ,0.30 ,2.27 ,1.22 ,1.20 ,0.06 ,0.63 ,1.12 ,0.13,1.31 
1.54,41.071.902,200.00,851.603.55,5.85 ,2.02 ,2.88 ,0.97 ,4.68 ,0.03 ,0.88 ,0.41 ,0.24,3.02 
1.74,49.931.066,200.00,859.712.10,3.91 ,1.42 ,2.12 ,0.93 ,1.33 ,0.03 ,2.74 ,2.19 ,0.27,2.10 
1.97,43.639.339,200.00,877.925.86,2.15 ,1.76 ,1.90 ,0.94 ,4.20 ,0.32 ,1.44 ,1.94 ,1.23,2.25 
1.83,43.663.530,200.00,892.342.11,1.22 ,0.18 ,1.57 ,0.11 ,3.00 ,3.24 ,0.67 ,0.64 ,5.64,1.57 
1.78,39.909.573,200.00,879.741.25,1.66 ,1.09 ,1.19 ,0.60 ,0.70 ,1.58 ,2.39 ,0.72 ,0.92,1.23 
1.87,39.047.731,240.00,834.738.56,1.01 ,1.95 ,0.82 ,1.03 ,0.50 ,0.14 ,1.54 ,0.35 ,0.43,0.97 
1.97,38.816.444,240.00,853.200.52,0.63 ,2.27 ,0.29 ,1.14 ,-0.32 ,0.03 ,0.71 ,0.11 ,0.22,0.61 
1.86,38.798.575,240.00,854.468.92,-0.34 ,0.52 ,-0.03 ,1.89 ,-1.45 ,0.19 ,0.34 ,0.22 ,0.12,-0.15 
2.08,39.231.301,240.00,877.839.79,-0.67 ,0.80 ,-0.08 ,0.36 ,-0.68 ,8.33 ,0.40 ,0.17 ,0.51,0.20 
1.77,39.812.705,240.00,889.745.05,-0.27 ,1.00 ,0.10 ,0.09 ,0.12 ,1.39 ,0.25 ,1.20 ,0.35,0.34 
1.68,39.155.681,240.00,866.853.69,0.78 ,1.17 ,0.24 ,0.72 ,0.68 ,2.32 ,0.52 ,0.59 ,0.21,0.78 
1.64,40.139.626,240.00,863.060.33,0.46 ,0.44 ,0.47 ,0.92 ,-0.39 ,-0.06 ,0.64 ,0.65 ,-0.03,0.29 
1.34,42.691.722,240.00,880.388.88,0.25 ,0.29 ,0.12 ,0.99 ,0.15 ,0.03 ,0.17 ,1.27 ,0.14,0.34 
1.37,51.363.863,240.00,901.262.95,0.39 ,0.22 ,0.12 ,0.98 ,0.67 ,0.05 ,0.56 ,1.34 ,0.18,0.52 
1.27,46.063.907,240.00,917.346.23,0.88 ,1.16 ,0.37 ,0.03 ,0.79 ,0.16 ,0.43 ,0.97 ,0.68,0.76 
1.08,46.011.386,240.00,910.484.19,0.15 ,0.29 ,0.43 ,-0.23 ,0.52 ,0.83 ,0.28 ,0.39 ,6.70,0.61 
1.38,44.481.983,240.00,913.609.96,0.43 ,0.59 ,0.70 ,0.46 ,-0.08 ,0.72 ,0.74 ,1.02 ,0.62,0.47 
1.18,45.160.663,240.00,918.095.92,-0.34 ,0.82 ,0.31 ,1.11 ,0.12 ,-0.01 ,1.59 ,0.30 ,0.40,0.37 
1.23,46.024.983,260.00,941.268.02,0.23 ,0.62 ,0.29 ,1.34 ,0.54 ,0.06 ,1.25 ,0.08 ,0.25,0.51 
1.23,46.645.619,260.00,946.539.21,0.72 ,0.20 ,0.63 ,1.14 ,1.58 ,0.06 ,0.42 ,0.30 ,0.19,0.71 
1.29,48.228.562,260.00,944.978.98,0.67 ,1.28 ,0.43 ,0.51 ,1.03 ,4.46 ,0.48 ,0.50 ,0.27,0.91 
1.29,48.064.055,260.00,945.701.39,0.85 ,0.34 ,-0.03 ,0.50 ,1.21 ,0.64 ,0.42 ,0.65 ,0.57,0.69 
1.25,49.826.634,260.00,942.224.68,-0.19 ,0.30 ,0.68 ,0.96 ,0.36 ,2.82 ,0.00 ,0.46 ,0.13,0.33 
1.21,50.770.633,260.00,949.353.89,-0.23 ,0.46 ,0.49 ,1.12 ,0.98 ,0.69 ,0.40 ,0.61 ,-0.08,0.44 
1.25,52.152.496,260.00,945.276.05,-0.01 ,0.36 ,0.53 ,1.02 ,1.74 ,2.37 ,0.31 ,0.50 ,0.08,0.69 
1.48,61.935.635,260.00,961.136.09,0.65 ,0.50 ,0.47 ,1.59 ,1.71 ,0.40 ,0.35 ,0.87 ,0.33,0.86 
1.38,55.647.160,260.00,958.542.86,0.78 ,0.59 ,0.84 ,0.23 ,0.60 ,0.04 ,0.32 ,0.69 ,0.34,0.58 
1.22,54.393.943,260.00,961.434.65,0.49 ,0.44 ,0.64 ,-0.22 ,0.13 ,0.03 ,0.48 ,0.58 ,5.28,0.59 
1.53,53.295.041,260.00,970.529.23,0.26 ,0.85 ,0.18 ,0.60 ,1.33 ,0.19 ,0.25 ,0.30 ,0.43,0.61 
1.41,53.174.650,260.00,956.982.76,0.81 ,0.83 ,0.52 ,0.92 ,1.08 ,0.67 ,1.55 ,0.45 ,0.14,0.87 
1.50,53.034.047,300.00,952.854.87,0.65 ,0.65 ,0.58 ,1.45 ,-0.04 ,-0.17 ,1.06 ,0.34 ,0.09,0.49 
1.59,53.931.040,300.00,960.506.01,-0.67 ,0.33 ,0.17 ,0.38 ,-0.29 ,0.71 ,0.18 ,0.60 ,0.24,-0.02 
1.51,55.627.479,300.00,970.176.25,-0.77 ,0.04 ,0.25 ,0.15 ,0.62 ,3.80 ,0.37 ,0.63 ,0.17,0.25 
1.66,55.037.412,300.00,976.027.54,-0.73 ,0.41 ,0.25 ,0.05 ,0.41 ,1.08 ,0.41 ,0.65 ,0.19,0.17 
1.50,56.352.150,300.00,971.650.69,-0.25 ,0.61 ,-0.26 ,0.19 ,0.86 ,0.00 ,0.45 ,0.73 ,0.09,0.35 
1.41,57.231.946,300.00,978.031.30,0.27 ,0.45 ,-0.37 ,0.72 ,2.21 ,0.00 ,0.45 ,0.74 ,-0.14,0.75 
1.38,59.440.290,300.00,983.151.52,0.88 ,0.64 ,-0.47 ,0.85 ,0.66 ,-0.05 ,0.32 ,0.61 ,-0.03,0.55 
1.47,70.033.641,300.00,1.010.240.62,0.27 ,0.42 ,0.36 ,1.58 ,0.24 ,0.03 ,0.20 ,0.45 ,0.26,0.36 
1.43,62.265.028,300.00,1.022.617.57,0.11 ,-0.01 ,0.60 ,0.03 ,1.52 ,0.03 ,0.72 ,0.94 ,0.57,0.59 
1.15,64.861.545,300.00,1.023.883.68,-0.28 ,0.32 ,-0.39 ,-0.54 ,0.76 ,0.06 ,0.45 ,0.34 ,4.44,0.41 
1.42,60.667.366,300.00,1.032.060.29,-0.24 ,0.58 ,-0.14 ,0.21 ,1.13 ,0.04 ,0.50 ,0.40 ,0.71,0.43 
1.08,61.966.202,350.00,1.019.291.28,-0.27 ,0.58 ,-0.72 ,1.18 ,-0.01 ,0.14 ,1.18 ,0.20 ,0.02,0.21 
1.28,61.236.590,350.00,1.042.621.49,-0.03 ,0.33 ,-0.61 ,0.90 ,-0.42 ,0.04 ,0.90 ,0.37 ,-0.04,0.10 
1.18,63.272.460,350.00,1.037.934.84,-0.61 ,0.41 ,-0.63 ,0.59 ,-0.93 ,0.01 ,0.35 ,0.26 ,0.02,-0.21 
1.17,65.769.979,350.00,1.045.318.25,0.09 ,-0.02 ,0.02 ,-0.24 ,0.37 ,-0.07 ,0.44 ,0.67 ,0.09,0.19 
1.26,66.384.250,350.00,1.049.893.42,0.07 ,0.11 ,-0.14 ,0.09 ,-0.32 ,-0.30 ,0.20 ,0.96 ,-0.02,0.05 
1.06,71.347.771,350.00,1.061.646.39,0.08 ,0.42 ,-0.14 ,0.46 ,-0.01 ,-0.07 ,0.28 ,0.89 ,-0.01,0.21 
1.09,71.119.021,350.00,1.061.724.39,0.88 ,0.20 ,-0.41 ,0.64 ,-0.13 ,-0.01 ,0.37 ,0.87 ,0.17,0.33 
1.02,73.640.792,350.00,1.074.336.32,1.05 ,-0.08 ,0.00 ,0.65 ,-0.09 ,-0.10 ,0.22 ,0.69 ,0.03,0.31 
0.99,85.824.753,350.00,1.091.255.36,0.39 ,0.19 ,-0.18 ,1.00 ,1.14 ,-0.01 ,0.25 ,0.44 ,0.17,0.48 
1.08,76.881.753,350.00,1.102.636.37,0.84 ,0.07 ,0.29 ,-0.19 ,0.62 ,0.07 ,0.47 ,0.70 ,0.07,0.44 
0.87,75.702.005,350.00,1.111.459.95,0.78 ,0.19 ,-0.45 ,-0.72 ,0.07 ,-0.28 ,0.40 ,0.43 ,3.48,0.44 
1.05,74.489.218,350.00,1.112.960.56,0.98 ,0.26 ,-0.41 ,0.47 ,0.22 ,0.01 ,0.32 ,0.41 ,0.02,0.37 
0.94,75.535.634,380.00,1.106.671.09,0.03 ,0.39 ,-0.18 ,0.33 ,0.31 ,0.24 ,0.47 ,0.46 ,0.04,0.25 
1.03,75.084.791,380.00,1.105.428.31,0.16 ,0.19 ,-0.17 ,0.68 ,0.23 ,0.07 ,0.57 ,0.74 ,0.06,0.28 
0.91,77.487.205,380.00,1.108.049.12,1.09 ,0.25 ,-0.65 ,0.91 ,-0.40 ,-0.05 ,0.32 ,0.42 ,0.04,0.28 
0.97,78.422.778,380.00,1.110.791.71,1.27 ,-0.74 ,-0.39 ,-0.16 ,-0.08 ,0.42 ,0.33 ,0.52 ,0.06,0.24 
0.99,79.834.788,380.00,1.123.920.11,1.39 ,0.05 ,0.08 ,-0.03 ,0.05 ,0.71 ,0.31 ,0.59 ,0.38,0.47 
0.80,83.963.314,380.00,1.125.937.87,0.44 ,0.54 ,0.17 ,0.45 ,-0.16 ,-0.53 ,0.35 ,0.14 ,-0.11,0.18 
0.93,83.780.516,380.00,1.152.686.61,0.52 ,-0.02 ,0.10 ,0.72 ,0.12 ,0.05 ,0.49 ,0.59 ,0.01,0.30 
0.84,88.018.029,380.00,1.161.273.55,0.73 ,0.41 ,-0.46 ,0.55 ,0.38 ,0.01 ,0.35 ,0.35 ,0.02,0.38 
0.84,102.885.047,380.00,1.181.418.39,2.06 ,0.16 ,-0.43 ,0.72 ,0.71 ,-0.03 ,0.00 ,1.00 ,0.07,0.74 
0.93,92.924.567,380.00,1.173.193.13,1.52 ,0.16 ,0.16 ,-0.08 ,0.40 ,-0.03 ,0.41 ,0.54 ,0.20,0.54 
0.80,89.929.221,380.00,1.187.260.00,0.60 ,0.20 ,-0.11 ,-0.54 ,0.06 ,0.22 ,0.44 ,0.54 ,3.47,0.49 
0.84,89.466.285,415.00,1.175.814.84,0.89 ,0.65 ,-0.38 ,0.75 ,0.42 ,0.03 ,0.50 ,0.09 ,0.24,0.48 
0.90,89.875.895,415.00,1.187.179.50,1.29 ,0.19 ,0.32 ,1.53 ,-0.05 ,0.06 ,0.76 ,0.49 ,0.05,0.55 
0.88,90.911.590,415.00,1.205.083.17,1.95 ,0.32 ,0.17 ,0.98 ,0.33 ,-0.02 ,0.65 ,1.11 ,0.03,0.79 
0.96,92.567.910,415.00,1.245.468.95,2.11 ,0.26 ,0.13 ,0.42 ,0.26 ,0.29 ,0.66 ,0.54 ,0.05,0.74 
1.07,94.091.397,415.00,1.258.612.60,1.05 ,0.60 ,0.05 ,-0.03 ,0.46 ,0.36 ,0.47 ,0.51 ,-0.02,0.53 
1.02,95.835.308,415.00,1.252.750.34,-0.18 ,0.77 ,0.23 ,0.39 ,0.06 ,0.69 ,0.32 ,0.73 ,0.42,0.28 
1.10,98.211.453,415.00,1.210.130.01,-0.27 ,0.50 ,0.37 ,0.70 ,0.39 ,-0.12 ,0.46 ,0.80 ,-0.05,0.26 
1.18,99.045.163,415.00,1.169.102.57,0.69 ,0.62 ,0.40 ,1.27 ,0.02 ,0.17 ,0.26 ,0.68 ,0.02,0.45 
1.02,102.430.156,415.00,1.147.607.87,0.61 ,0.43 ,0.68 ,0.71 ,-0.02 ,0.13 ,0.33 ,0.50 ,0.05,0.36 
1.12,115.590.704,415.00,1.175.202.88,0.36 ,0.28 ,-0.04 ,0.99 ,-0.03 ,0.00 ,0.32 ,0.59 ,0.08,0.28 
1.05,103.358.929,415.00,1.192.857.29,0.75 ,0.49 ,0.45 ,0.05 ,0.35 ,0.05 ,0.55 ,0.65 ,0.34,0.48 
0.86,103.124.591,465.00,1.198.527.06,0.27 ,0.22 ,0.28 ,-0.24 ,0.24 ,0.15 ,0.46 ,0.31 ,4.77,0.55 
0.97,99.304.427,465.00,1.196.634.19,0.30 ,0.25 ,0.48 ,0.70 ,-0.07 ,0.05 ,0.37 ,0.35 ,-0.37,0.20 
0.84,101.681.988,465.00,1.217.629.67,0.15 ,0.75 ,-0.50 ,1.08 ,-0.21 ,0.08 ,1.10 ,2.14 ,0.09,0.48 
0.77,102.161.375,465.00,1.255.305.58,0.44 ,0.72 ,0.05 ,1.16 ,-0.18 ,-0.01 ,0.68 ,1.57 ,0.03,0.47 
0.76,103.474.382,465.00,1.271.909.27,0.70 ,0.27 ,0.84 ,0.53 ,0.02 ,-0.16 ,0.49 ,0.49 ,0.03,0.36 
0.79,105.082.619,465.00,1.309.624.96,-0.06 ,1.11 ,0.37 ,-0.01 ,0.14 ,-0.10 ,0.31 ,0.26 ,0.11,0.24 
0.69,107.131.584,465.00,1.315.493.35,-0.01 ,0.47 ,-0.24 ,0.13 ,-0.11 ,-0.02 ,0.21 ,0.27 ,0.83,0.15 
0.69,110.167.848,465.00,1.352.484.66,-0.14 ,0.62 ,-0.03 ,0.58 ,0.27 ,0.22 ,0.30 ,0.52 ,0.07,0.24 
0.69,112.123.031,465.00,1.359.093.20,-0.09 ,0.28 ,0.38 ,0.64 ,0.51 ,0.91 ,0.30 ,0.20 ,0.04,0.28 
0.66,116.484.422,465.00,1.358.562.54,0.58 ,0.19 ,0.43 ,0.58 ,0.61 ,0.01 ,0.24 ,0.55 ,0.01,0.41 
0.73,131.861.185,465.00,1.378.128.65,0.24 ,0.17 ,0.51 ,0.76 ,0.78 ,-0.11 ,0.24 ,0.46 ,0.10,0.37 
0.66,121.122.443,510.00,1.354.993.66,1.13 ,0.27 ,0.41 ,0.31 ,1.45 ,0.00 ,0.36 ,0.78 ,0.26,0.75 
0.59,120.541.695,510.00,1.380.642.62,0.96 ,0.31 ,0.36 ,-0.52 ,0.79 ,0.03 ,0.23 ,0.40 ,4.53,0.78 
0.76,119.108.107,510.00,1.399.577.96,1.55 ,0.32 ,1.00 ,0.66 ,-0.54 ,0.08 ,0.27 ,0.77 ,0.54,0.52 
0.67,118.866.248,510.00,1.405.027.69,1.45 ,0.08 ,-0.04 ,1.28 ,-0.08 ,-0.03 ,0.84 ,0.66 ,0.11,0.57 
0.75,120.033.926,510.00,1.407.973.82,0.28 ,0.78 ,0.59 ,0.91 ,0.09 ,-0.01 ,0.74 ,0.75 ,0.04,0.43 
0.79,120.771.511,510.00,1.423.889.35,-0.90 ,0.40 ,0.35 ,0.58 ,-0.21 ,0.02 ,0.57 ,0.74 ,0.03,0.00 
0.86,123.907.497,510.00,1.446.566.97,-0.76 ,0.54 ,0.29 ,-0.04 ,0.08 ,0.00 ,0.31 ,0.54 ,-0.03,0.01 
0.89,127.034.627,510.00,1.459.448.53,-0.24 ,0.23 ,-0.31 ,0.17 ,-0.09 ,-0.03 ,0.26 ,0.20 ,0.44,0.04 
0.85,131.585.360,510.00,1.448.230.71,1.08 ,0.40 ,0.46 ,0.45 ,0.13 ,0.04 ,0.36 ,0.34 ,0.08,0.45 
0.81,131.645.973,510.00,1.452.759.58,1.89 ,0.48 ,0.37 ,0.89 ,0.36 ,0.29 ,0.26 ,0.64 ,0.02,0.75 
0.81,134.669.566,510.00,1.468.353.89,2.22 ,0.57 ,-0.12 ,1.25 ,0.13 ,0.42 ,0.36 ,0.74 ,0.06,0.83 
0.93,151.145.368,510.00,1.495.284.55,1.32 ,0.49 ,0.10 ,1.34 ,0.29 ,0.05 ,0.39 ,0.57 ,0.05,0.63 
0.86,138.318.334,540.00,1.496.047.48,1.16 ,0.61 ,0.25 ,0.12 ,1.55 ,0.29 ,0.47 ,0.83 ,0.30,0.83 
0.84,135.091.967,540.00,1.514.627.48,0.23 ,0.32 ,0.44 ,-0.25 ,0.46 ,0.49 ,0.31 ,1.43 ,5.81,0.80 
0.92,133.099.291,545.00,1.527.057.76,0.75 ,0.46 ,0.21 ,0.56 ,1.56 ,0.17 ,0.45 ,0.78 ,1.04,0.79 
0.84,133.517.139,545.00,1.539.945.02,0.58 ,0.77 ,-0.62 ,1.42 ,1.57 ,0.00 ,0.98 ,0.57 ,0.09,0.77 
0.99,133.106.831,545.00,1.555.684.57,0.63 ,0.97 ,0.09 ,1.19 ,-0.24 ,0.15 ,0.73 ,0.72 ,0.01,0.47 
0.96,133.899.009,545.00,1.569.058.06,-0.26 ,0.58 ,0.42 ,1.25 ,-0.61 ,-0.05 ,0.67 ,0.67 ,0.11,0.15 
0.97,136.240.134,545.00,1.573.965.23,-0.34 ,0.27 ,0.03 ,0.10 ,0.46 ,-0.04 ,0.47 ,0.49 ,0.11,0.16 
1.07,137.401.118,545.00,1.568.355.81,0.72 ,0.32 ,0.57 ,0.67 ,-0.11 ,-0.06 ,0.43 ,0.50 ,0.17,0.37 
0.94,142.007.944,545.00,1.501.918.85,0.64 ,0.71 ,-0.36 ,0.80 ,0.78 ,-0.04 ,0.34 ,0.53 ,0.14,0.53 
0.88,144.053.802,545.00,1.557.328.59,0.56 ,0.62 ,-0.20 ,0.74 ,0.48 ,0.13 ,0.45 ,0.22 ,0.07,0.43 
0.86,146.468.661,545.00,1.535.015.14,1.08 ,0.47 ,0.05 ,0.58 ,0.01 ,0.39 ,0.42 ,0.88 ,0.02,0.52 
0.91,162.769.670,545.00,1.536.153.85,1.23 ,0.45 ,-0.87 ,0.80 ,0.00 ,0.07 ,0.44 ,0.68 ,0.05,0.50 
0.89,149.195.222,622.00,1.571.757.02,0.86 ,0.53 ,0.16 ,0.07 ,0.69 ,0.21 ,0.30 ,0.71 ,0.39,0.56 
0.75,147.869.699,622.00,1.590.253.05,0.19 ,0.60 ,0.06 ,-0.23 ,-0.33 ,-0.17 ,0.70 ,0.88 ,5.62,0.45 
0.82,145.223.965,622.00,1.557.626.95,0.25 ,0.48 ,-0.40 ,-0.61 ,0.16 ,-0.36 ,0.38 ,0.55 ,0.54,0.21 
0.71,148.228.803,622.00,1.534.608.97,0.51 ,0.80 ,-0.79 ,0.98 ,0.10 ,0.46 ,0.96 ,2.23 ,0.04,0.64 
0.74,147.811.284,622.00,1.516.641.09,0.73 ,0.80 ,0.17 ,0.89 ,-0.58 ,-0.19 ,0.66 ,0.60 ,-0.01,0.36 
0.64,151.219.217,622.00,1.532.365.01,0.68 ,0.28 ,-0.03 ,0.39 ,-1.18 ,-0.01 ,0.38 ,0.47 ,0.06,0.08 
0.68,154.222.044,622.00,1.534.757.32,0.91 ,0.54 ,-0.01 ,0.04 ,-0.03 ,0.15 ,0.36 ,0.91 ,0.12,0.43 
0.69,155.406.459,622.00,1.559.624.44,0.88 ,0.22 ,0.40 ,0.19 ,0.06 ,-0.01 ,0.53 ,0.42 ,0.51,0.41 
0.54,160.602.700,622.00,1.557.624.07,1.26 ,0.71 ,0.18 ,0.89 ,-0.08 ,0.03 ,0.32 ,0.73 ,0.10,0.57 
0.61,160.564.565,622.00,1.567.887.31,1.36 ,0.38 ,0.37 ,1.09 ,0.24 ,0.31 ,0.48 ,0.10 ,0.05,0.59 
0.55,164.799.194,622.00,1.564.275.50,0.79 ,0.64 ,0.47 ,0.86 ,0.68 ,0.31 ,0.32 ,0.53 ,0.05,0.60 
0.55,187.434.736,622.00,1.581.280.63,1.03 ,0.63 ,0.27 ,1.11 ,0.75 ,0.03 ,0.40 ,1.60 ,0.19,0.79 
0.60,167.743.523,678.00,1.599.520.85,1.99 ,-0.20 ,1.15 ,-0.53 ,0.75 ,-0.08 ,0.73 ,1.55 ,0.35,0.86 
0.49,164.991.143,678.00,1.631.793.22,1.45 ,-2.38 ,0.53 ,0.55 ,0.81 ,0.10 ,0.65 ,0.57 ,5.40,0.60 
0.55,165.953.654,678.00,1.623.965.40,1.14 ,0.51 ,0.11 ,0.15 ,-0.09 ,0.13 ,0.32 ,0.54 ,0.56,0.47 
0.61,163.834.777,678.00,1.635.030.71,0.96 ,0.62 ,0.63 ,0.65 ,-0.19 ,-0.32 ,1.28 ,0.61 ,0.10,0.55 
0.60,166.448.371,678.00,1.618.268.69,0.31 ,0.75 ,0.46 ,0.84 ,-0.25 ,0.08 ,0.94 ,0.41 ,0.06,0.37 
0.61,166.507.946,678.00,1.617.045.25,0.04 ,0.57 ,0.12 ,0.50 ,0.14 ,0.19 ,0.36 ,0.40 ,0.18,0.26 
0.72,169.009.081,678.00,1.614.285.77,-0.33 ,0.57 ,0.28 ,-0.39 ,-0.66 ,0.20 ,0.34 ,1.13 ,0.11,0.03 
0.71,170.808.722,678.00,1.615.203.05,0.01 ,0.57 ,0.89 ,0.08 ,-0.06 ,0.02 ,0.45 ,0.39 ,0.67,0.24 
0.71,175.857.887,678.00,1.656.896.58,0.14 ,0.62 ,0.65 ,0.63 ,0.44 ,-0.04 ,0.46 ,0.20 ,0.12,0.35 
0.81,175.365.950,678.00,1.683.156.11,1.03 ,0.56 ,0.81 ,1.13 ,0.17 ,0.08 ,0.39 ,0.43 ,0.09,0.57 
0.72,182.559.219,678.00,1.647.842.63,0.56 ,0.69 ,0.38 ,0.85 ,0.36 ,0.40 ,0.41 ,0.87 ,0.08,0.54 
0.79,204.052.420,678.00,1.660.187.02,0.89 ,0.52 ,0.89 ,0.80 ,1.85 ,0.74 ,0.41 ,1.00 ,0.05,0.92 
0.85,184.028.431,724.00,1.650.951.25,0.84 ,0.55 ,0.49 ,-0.15 ,-0.03 ,0.03 ,0.48 ,1.72 ,0.57,0.55 
0.79,189.754.314,724.00,1.686.848.50,0.56 ,0.77 ,1.07 ,-0.40 ,-0.05 ,0.14 ,0.74 ,0.69 ,5.97,0.69 
0.77,181.861.508,724.00,1.706.644.69,1.92 ,0.33 ,0.38 ,0.31 ,1.38 ,-1.26 ,0.43 ,0.79 ,0.53,0.92 
0.82,182.000.614,724.00,1.716.892.60,1.19 ,0.87 ,0.20 ,0.47 ,0.32 ,0.02 ,1.01 ,0.31 ,0.03,0.67 
0.87,180.083.527,724.00,1.750.829.66,0.58 ,0.61 ,1.03 ,0.84 ,-0.45 ,0.11 ,0.98 ,0.80 ,0.13,0.46 
0.82,184.543.364,724.00,1.779.742.89,-0.11 ,0.55 ,0.38 ,0.49 ,0.37 ,-0.02 ,0.60 ,1.57 ,0.02,0.40 
0.95,184.054.315,724.00,1.799.679.43,-0.15 ,1.20 ,0.86 ,-0.24 ,-0.98 ,-0.79 ,0.50 ,0.12 ,0.04,0.01 
0.87,187.277.025,724.00,1.838.332.58,-0.15 ,0.94 ,0.47 ,-0.15 ,0.33 ,0.10 ,0.41 ,0.09 ,0.43,0.25 
0.91,192.199.816,724.00,1.850.280.06,0.78 ,0.77 ,0.34 ,0.57 ,0.63 ,0.13 ,0.33 ,0.39 ,0.18,0.57 
0.95,192.507.591,724.00,1.878.610.91,0.46 ,0.68 ,0.19 ,0.62 ,0.39 ,-0.05 ,0.39 ,0.36 ,0.11,0.42 
0.84,199.389.685,724.00,1.891.087.24,0.77 ,0.69 ,-0.04 ,0.39 ,0.43 ,0.08 ,0.42 ,0.48 ,0.21,0.51 
0.96,220.853.706,724.00,1.915.773.07,1.08 ,0.51 ,0.00 ,0.85 ,1.38 ,0.00 ,0.47 ,0.70 ,0.07,0.78 
0.94,199.352.047,788.00,1.934.268.91,1.48 ,2.42 ,-0.28 ,-0.69 ,1.83 ,0.15 ,0.32 ,1.68 ,0.31,1.24 
0.82,198.076.416,788.00,1.927.287.63,0.81 ,1.22 ,0.87 ,-0.60 ,2.20 ,-0.02 ,0.60 ,0.86 ,5.88,1.22 
1.04,198.876.067,788.00,1.919.732.26,1.17 ,5.29 ,0.35 ,0.59 ,0.46 ,-1.16 ,0.69 ,0.36 ,0.75,1.32 
0.95,197.269.641,788.00,1.972.169.01,0.97 ,0.93 ,0.66 ,0.91 ,0.11 ,0.31 ,1.32 ,0.51 ,0.21,0.71 
0.99,194.541.991,788.00,1.984.129.32,1.37 ,1.22 ,0.36 ,0.61 ,-0.29 ,0.17 ,1.10 ,0.74 ,0.06,0.74 
1.07,195.609.781,788.00,2.033.575.55,0.63 ,0.86 ,0.72 ,0.58 ,0.70 ,0.34 ,0.91 ,1.63 ,0.20,0.79 
1.18,195.652.043,788.00,2.043.298.54,0.65 ,1.52 ,0.86 ,-0.31 ,0.15 ,0.30 ,0.84 ,0.61 ,0.00,0.62 
1.11,195.156.210,788.00,2.034.274.14,-0.01 ,0.29 ,0.37 ,0.20 ,-0.27 ,0.14 ,0.62 ,0.75 ,0.82,0.22 
1.11,196.014.794,788.00,2.029.610.73,0.24 ,1.30 ,0.19 ,0.50 ,0.71 ,0.01 ,0.55 ,0.33 ,0.25,0.54 
1.11,203.232.424,788.00,2.094.869.64,0.77 ,0.75 ,0.39 ,0.67 ,1.72 ,0.39 ,0.55 ,0.57 ,0.10,0.82 
1.06,205.317.865,788.00,2.160.879.33,1.83 ,0.76 ,0.31 ,0.79 ,1.08 ,1.03 ,0.64 ,0.52 ,0.22,1.01 
1.16,225.485.184,788.00,2.272.217.17,1.50 ,0.49 ,0.46 ,1.15 ,1.36 ,0.43 ,0.70 ,0.57 ,0.22,0.96 
1.06,207.609.265,880.00,2.286.788.39,2.28 ,0.81 ,0.45 ,-0.24 ,1.77 ,0.22 ,0.81 ,1.19 ,0.31,1.27 
1.00,205.134.265,880.00,2.360.392.03,1.06 ,-0.15 ,1.01 ,0.24 ,0.62 ,0.66 ,0.94 ,0.77 ,5.90,0.90 
1.16,203.800.952,880.00,2.423.128.13,1.24 ,-0.64 ,0.70 ,0.69 ,0.16 ,-1.65 ,0.78 ,0.60 ,0.63,0.43 
1.06,202.066.369,880.00,2.458.650.72,1.09 ,-0.38 ,0.26 ,0.40 ,0.03 ,1.47 ,2.33 ,0.23 ,0.20,0.61 
1.11,202.463.099,880.00,2.493.775.18,0.78 ,1.79 ,0.63 ,0.91 ,-0.58 ,0.01 ,1.62 ,1.35 ,0.16,0.78 
1.16,201.406.919,880.00,2.627.112.10,0.71 ,0.63 ,0.26 ,0.32 ,-0.53 ,0.04 ,0.83 ,0.35 ,0.11,0.35 
1.11,202.192.048,880.00,2.672.668.30,1.32 ,-0.29 ,0.53 ,-0.38 ,0.40 ,0.02 ,0.61 ,0.70 ,0.04,0.52 
1.22,202.032.992,880.00,2.742.366.38,0.30 ,0.30 ,0.36 ,0.15 ,0.27 ,-0.02 ,0.80 ,0.96 ,0.99,0.44 
1.11,209.290.951,880.00,2.805.851.53,-0.29 ,0.63 ,-0.23 ,0.43 ,-0.10 ,0.18 ,0.33 ,0.10 ,0.18,0.08 
1.05,209.213.988,880.00,2.824.324.97,-0.05 ,0.42 ,-0.13 ,0.45 ,0.75 ,0.07 ,0.43 ,0.01 ,0.02,0.26 
1.04,210.046.637,880.00,2.831.739.36,-0.20 ,0.30 ,-0.16 ,0.20 ,0.28 ,0.27 ,0.57 ,0.47 ,0.06,0.18 
1.12,232.145.593,880.00,2.994.966.58,0.08 ,-0.59 ,-0.31 ,0.32 ,1.11 ,0.02 ,0.49 ,1.01 ,0.07,0.30 
1.09,212.760.315,937.00,3.047.147.56,0.35 ,0.17 ,-0.10 ,-0.36 ,0.77 ,0.63 ,0.55 ,0.45 ,0.29,0.38 
0.87,217.874.918,937.00,3.109.156.92,-0.45 ,0.24 ,0.18 ,-0.13 ,0.24 ,0.66 ,0.65 ,0.31 ,5.04,0.33 
1.05,208.947.637,937.00,3.138.396.32,0.34 ,1.18 ,-0.29 ,-0.12 ,-0.86 ,-0.63 ,0.69 ,0.52 ,0.95,0.25 
0.79,214.125.862,937.00,3.146.590.00,0.58 ,-1.09 ,-0.28 ,0.48 ,-0.06 ,0.55 ,1.00 ,0.09 ,0.03,0.14 
0.93,210.464.623,937.00,3.199.139.69,-0.35 ,2.14 ,-0.23 ,0.98 ,-0.42 ,0.09 ,0.62 ,0.23 ,0.08,0.31 
0.81,213.569.522,937.00,3.230.607.09,-0.50 ,-0.77 ,-0.07 ,0.21 ,-0.52 ,0.09 ,0.46 ,0.33 ,0.08,-0.23 
0.80,215.271.559,937.00,3.323.550.18,-0.47 ,1.64 ,-0.23 ,-0.42 ,0.34 ,-0.02 ,0.37 ,0.36 ,-0.02,0.24 
0.80,213.951.154,937.00,3.367.257.37,-1.07 ,0.57 ,0.20 ,0.29 ,1.53 ,-0.56 ,0.41 ,0.29 ,0.24,0.19 
0.64,218.720.929,937.00,3.411.459.81,-0.41 ,-0.12 ,0.13 ,0.28 ,0.79 ,0.50 ,0.32 ,0.56 ,0.04,0.16 
0.64,219.653.157,937.00,3.415.082.17,-0.05 ,1.33 ,-0.39 ,0.71 ,0.49 ,0.40 ,0.52 ,0.32 ,0.06,0.42 
0.57,223.157.435,937.00,3.453.857.69,-0.38 ,1.27 ,-0.45 ,0.10 ,0.52 ,0.15 ,0.34 ,0.42 ,0.03,0.28 
0.54,250.363.681,937.00,3.505.361.47,0.54 ,-0.40 ,0.03 ,0.84 ,1.23 ,-0.11 ,0.40 ,0.42 ,0.15,0.44 
0.58,228.438.630,954.00,3.532.846.45,0.74 ,-0.85 ,0.14 ,-0.98 ,1.10 ,0.11 ,0.42 ,0.22 ,0.22,0.29 
0.47,225.267.440,954.00,3.560.272.77,-0.33 ,0.22 ,0.03 ,-0.38 ,0.74 ,0.05 ,0.38 ,0.17 ,3.89,0.32 
0.53,224.299.131,954.00,3.579.759.73,0.07 ,0.19 ,0.08 ,0.33 ,-0.25 ,-0.33 ,0.48 ,0.05 ,0.28,0.09 
0.52,223.343.738,954.00,3.566.365.94,0.09 ,0.17 ,0.22 ,0.62 ,0.00 ,-0.07 ,0.91 ,0.12 ,0.08,0.22 
0.52,224.373.209,954.00,3.540.645.07,0.32 ,0.83 ,-0.06 ,0.58 ,0.40 ,0.16 ,0.57 ,0.11 ,0.06,0.40 
0.52,225.768.541,954.00,3.573.675.31,2.03 ,2.48 ,0.34 ,-0.16 ,1.58 ,0.00 ,0.37 ,0.33 ,0.02,1.26 
0.54,227.029.344,954.00,3.641.522.19,-0.12 ,1.54 ,0.47 ,-0.60 ,0.49 ,0.08 ,0.07 ,0.31 ,-0.08,0.33 
0.57,230.592.551,954.00,3.595.765.86,-0.34 ,0.44 ,0.56 ,0.19 ,-1.22 ,0.03 ,0.53 ,0.36 ,0.25,-0.09 
0.47,235.679.069,954.00,3.673.267.23,0.10 ,0.37 ,0.11 ,-0.02 ,1.69 ,-0.07 ,0.28 ,0.38 ,0.24,0.48 
0.54,235.090.180,954.00,3.772.984.29,0.59 ,0.14 ,0.76 ,0.33 ,0.92 ,0.02 ,0.27 ,0.25 ,0.04,0.45 
0.49,238.857.805,954.00,3.778.639.62,0.39 ,-0.71 ,0.48 ,-0.43 ,-0.74 ,-0.07 ,-0.71 ,0.36 ,0.04,-0.21 
0.49,264.967.669,954.00,3.832.957.88,0.44 ,-0.15 ,0.57 ,1.14 ,-0.54 ,0.01 ,0.32 ,0.29 ,0.21,0.15 
0.54,241.502.408,998.00,3.867.946.08,0.90 ,0.24 ,0.32 ,-1.15 ,0.02 ,0.04 ,0.26 ,0.61 ,0.12,0.32 
0.49,241.233.707,998.00,3.899.150.46,0.78 ,0.38 ,0.20 ,-0.33 ,-0.34 ,0.00 ,0.49 ,0.18 ,3.53,0.43 
0.47,236.674.943,998.00,3.882.047.42,1.37 ,0.25 ,0.27 ,0.45 ,1.44 ,-0.22 ,0.42 ,0.16 ,0.32,0.75 
0.52,235.680.830,998.00,3.898.797.52,0.63 ,0.24 ,-0.24 ,0.18 ,0.94 ,0.03 ,1.51 ,0.17 ,0.09,0.57 
0.54,233.750.937,998.00,3.941.330.33,-0.56 ,0.98 ,-0.10 ,0.34 ,0.07 ,-0.03 ,0.59 ,0.16 ,-0.04,0.13 
0.47,235.378.622,998.00,3.994.529.30,-0.25 ,0.07 ,0.02 ,0.30 ,-0.31 ,-0.02 ,0.64 ,0.15 ,0.14,0.01 
0.57,236.223.218,998.00,4.018.959.15,0.01 ,1.20 ,0.29 ,-0.52 ,-0.17 ,0.57 ,-0.20 ,0.44 ,0.04,0.19 
0.50,237.058.538,998.00,4.095.014.42,-0.35 ,1.19 ,0.56 ,0.23 ,-0.39 ,0.09 ,-0.03 ,0.31 ,0.16,0.11 
0.46,243.901.597,998.00,4.119.034.74,-0.43 ,0.02 ,-0.76 ,0.27 ,0.00 ,-0.01 ,0.58 ,0.04 ,0.04,-0.04 
0.48,245.421.698,998.00,4.131.475.84,0.05 ,-0.61 ,-0.09 ,0.63 ,0.45 ,-0.01 ,0.40 ,0.20 ,0.03,0.10 
0.38,254.589.175,998.00,4.190.113.83,0.72 ,0.71 ,-0.36 ,0.35 ,0.30 ,-0.02 ,0.21 ,1.24 ,0.08,0.51 
0.37,280.685.185,998.00,4.231.844.48,3.38 ,-0.82 ,-0.48 ,0.00 ,1.54 ,0.66 ,0.42 ,0.92 ,0.20,1.15 
0.38,257.444.800,1.039.00,4.222.098.35,0.39 ,0.55 ,-0.07 ,-0.48 ,0.32 ,0.12 ,-0.32 ,0.35 ,0.16,0.21 
0.29,259.344.600,1.045.00,4.279.750.33,0.11 ,-0.39 ,-0.08 ,-0.73 ,-0.23 ,0.21 ,0.73 ,0.31 ,3.70,0.25 
0.34,259.536.017,1.045.00,4.358.648.27,1.13 ,0.13 ,-1.08 ,0.21 ,-0.90 ,0.04 ,0.21 ,-0.23 ,0.59,0.07 
0.28,291.214.979,1.045.00,4.488.713.15,1.79 ,-0.10 ,-1.37 ,0.10 ,-2.66 ,-0.20 ,-0.22 ,-0.14 ,0.00,-0.31 
0.24,315.117.776,1.045.00,4.638.022.09,0.24 ,-0.25 ,0.58 ,-0.58 ,-1.90 ,0.24 ,-0.10 ,-0.04 ,0.02,-0.38 
0.21,335.059.751,1.045.00,4.853.880.43,0.38 ,0.04 ,1.30 ,-0.46 ,0.31 ,0.75 ,0.35 ,-0.05 ,0.05,0.26 
0.19,345.720.204,1.045.00,4.947.120.54,0.01 ,0.80 ,0.90 ,-0.52 ,0.78 ,0.51 ,0.44 ,-0.11 ,-0.12,0.36 
0.16,351.356.872,1.045.00,4.730.781.08,0.78 ,0.36 ,0.56 ,-0.78 ,0.82 ,0.67 ,0.50 ,-0.01 ,-3.47,0.24 
0.16,354.308.092,1.045.00,4.837.826.42,2.28 ,0.37 ,1.00 ,0.37 ,0.70 ,0.15 ,-0.64 ,0.09 ,-0.09,0.64 
0.16,356.836.332,1.045.00,4.881.049.95,1.93 ,0.36 ,1.53 ,1.11 ,1.19 ,0.21 ,0.28 ,0.19 ,-0.04,0.86 
0.15,359.042.563,1.045.00,4.896.226.11,2.54 ,0.44 ,0.86 ,0.07 ,1.33 ,0.29 ,-0.13 ,0.01 ,-0.02,0.89 
0.16,370.441.036,1.045.00,4.973.115.05,1.74 ,2.88 ,1.76 ,0.59 ,1.36 ,0.39 ,0.40 ,0.65 ,0.48,1.35 
0.15,363.537.625,1.100.00,4.962.494.67,1.02 ,-1.07 ,0.86 ,-0.07 ,0.41 ,0.02 ,0.32 ,0.39 ,0.13,0.25 
0.13,350.885.762,1.100.00,5.004.301.39,0.27 ,0.40 ,0.66 ,0.38 ,2.28 ,-0.13 ,0.62 ,0.17 ,2.48,0.86 
0.20,343.090.507,1.100.00,5.045.108.94,0.13 ,0.81 ,0.69 ,0.29 ,3.81 ,-0.07 ,-0.02 ,0.04 ,-0.52,0.93 
0.21,339.898.271,1.100.00,5.018.717.97,0.40 ,0.22 ,0.57 ,0.47 ,-0.08 ,0.08 ,1.19 ,0.01 ,0.04,0.31 
0.27,337.274.879,1.100.00,5.053.686.92,0.44 ,1.78 ,1.25 ,0.92 ,1.15 ,0.21 ,0.76 ,0.21 ,0.06,0.83 
0.31,340.095.553,1.100.00,5.133.428.61,0.43 ,1.10 ,1.09 ,1.21 ,0.41 ,-0.12 ,0.51 ,0.29 ,0.05,0.53 
0.36,343.812.587,1.100.00,5.191.114.72,0.60 ,3.10 ,0.78 ,0.53 ,1.52 ,0.12 ,-0.65 ,0.45 ,0.18,0.96 
0.43,341.302.698,1.100.00,5.212.554.57,1.39 ,0.68 ,0.99 ,1.02 ,1.46 ,0.23 ,-0.04 ,0.64 ,0.28,0.87 
0.44,336.844.324,1.100.00,5.262.849.94,1.02 ,2.56 ,0.90 ,0.31 ,1.82 ,0.07 ,0.39 ,0.56 ,-0.01,1.16 
0.49,331.653.831,1.100.00,5.289.723.28,1.17 ,1.04 ,1.27 ,1.80 ,2.62 ,0.54 ,0.39 ,0.75 ,0.06,1.25 
