Data;433 - Índice nacional de preços ao consumidor-amplo (IPCA) - Var. % mensal;1635 - Índice nacional de preços ao consumidor-Amplo (IPCA) - Alimentação e bebidas - Var. % mensal;1636 - Índice nacional de preços ao consumidor-Amplo (IPCA) - Habitação - Var. % mensal;1637 - Índice nacional de preços ao consumidor-Amplo (IPCA) - Artigos de residência - Var. % mensal;1638 - Índice nacional de preços ao consumidor-Amplo (IPCA)- Vestuário - Var. % mensal;1639 - Índice de nacional de preços ao consumidor-Amplo (IPCA) - Transportes - Var. % mensal;1640 - Índice nacional de preços ao consumidor-Amplo (IPCA) - Comunicação - Var. % mensal;1641 - Índice nacional de preços ao consumidor-Amplo (IPCA) - Saúde e cuidados pessoais - Var. % mensal;1642 - Índice nacional de preços ao consumidor-Amplo (IPCA) - Despesas pessoais - Var. % mensal;1643 - Índice nacional de preços ao consumidor-Amplo (IPCA) - Educação - Var. % mensal
01/1980;6,62 ;-;-;-;-;-;-;-;-;-
02/1980;4,62 ;-;-;-;-;-;-;-;-;-
03/1980;6,04 ;-;-;-;-;-;-;-;-;-
04/1980;5,29 ;-;-;-;-;-;-;-;-;-
05/1980;5,70 ;-;-;-;-;-;-;-;-;-
06/1980;5,31 ;-;-;-;-;-;-;-;-;-
07/1980;5,55 ;-;-;-;-;-;-;-;-;-
08/1980;4,95 ;-;-;-;-;-;-;-;-;-
09/1980;4,23 ;-;-;-;-;-;-;-;-;-
10/1980;9,48 ;-;-;-;-;-;-;-;-;-
11/1980;6,67 ;-;-;-;-;-;-;-;-;-
12/1980;6,61 ;-;-;-;-;-;-;-;-;-
01/1981;6,84 ;-;-;-;-;-;-;-;-;-
02/1981;6,40 ;-;-;-;-;-;-;-;-;-
03/1981;4,97 ;-;-;-;-;-;-;-;-;-
04/1981;6,46 ;-;-;-;-;-;-;-;-;-
05/1981;5,56 ;-;-;-;-;-;-;-;-;-
06/1981;5,52 ;-;-;-;-;-;-;-;-;-
07/1981;6,26 ;-;-;-;-;-;-;-;-;-
08/1981;5,50 ;-;-;-;-;-;-;-;-;-
09/1981;5,26 ;-;-;-;-;-;-;-;-;-
10/1981;5,08 ;-;-;-;-;-;-;-;-;-
11/1981;5,27 ;-;-;-;-;-;-;-;-;-
12/1981;5,93 ;-;-;-;-;-;-;-;-;-
01/1982;6,97 ;-;-;-;-;-;-;-;-;-
02/1982;6,64 ;-;-;-;-;-;-;-;-;-
03/1982;5,71 ;-;-;-;-;-;-;-;-;-
04/1982;5,89 ;-;-;-;-;-;-;-;-;-
05/1982;6,66 ;-;-;-;-;-;-;-;-;-
06/1982;7,10 ;-;-;-;-;-;-;-;-;-
07/1982;6,36 ;-;-;-;-;-;-;-;-;-
08/1982;5,97 ;-;-;-;-;-;-;-;-;-
09/1982;5,08 ;-;-;-;-;-;-;-;-;-
10/1982;4,44 ;-;-;-;-;-;-;-;-;-
11/1982;5,29 ;-;-;-;-;-;-;-;-;-
12/1982;7,81 ;-;-;-;-;-;-;-;-;-
01/1983;8,64 ;-;-;-;-;-;-;-;-;-
02/1983;7,86 ;-;-;-;-;-;-;-;-;-
03/1983;7,34 ;-;-;-;-;-;-;-;-;-
04/1983;6,58 ;-;-;-;-;-;-;-;-;-
05/1983;6,48 ;-;-;-;-;-;-;-;-;-
06/1983;9,88 ;-;-;-;-;-;-;-;-;-
07/1983;10,08 ;-;-;-;-;-;-;-;-;-
08/1983;9,11 ;-;-;-;-;-;-;-;-;-
09/1983;10,30 ;-;-;-;-;-;-;-;-;-
10/1983;8,87 ;-;-;-;-;-;-;-;-;-
11/1983;7,38 ;-;-;-;-;-;-;-;-;-
12/1983;8,68 ;-;-;-;-;-;-;-;-;-
01/1984;9,67 ;-;-;-;-;-;-;-;-;-
02/1984;9,50 ;-;-;-;-;-;-;-;-;-
03/1984;8,94 ;-;-;-;-;-;-;-;-;-
04/1984;9,54 ;-;-;-;-;-;-;-;-;-
05/1984;9,05 ;-;-;-;-;-;-;-;-;-
06/1984;10,08 ;-;-;-;-;-;-;-;-;-
07/1984;9,72 ;-;-;-;-;-;-;-;-;-
08/1984;9,35 ;-;-;-;-;-;-;-;-;-
09/1984;11,75 ;-;-;-;-;-;-;-;-;-
10/1984;10,44 ;-;-;-;-;-;-;-;-;-
11/1984;10,53 ;-;-;-;-;-;-;-;-;-
12/1984;11,98 ;-;-;-;-;-;-;-;-;-
01/1985;11,76 ;-;-;-;-;-;-;-;-;-
02/1985;10,87 ;-;-;-;-;-;-;-;-;-
03/1985;10,16 ;-;-;-;-;-;-;-;-;-
04/1985;8,20 ;-;-;-;-;-;-;-;-;-
05/1985;7,20 ;-;-;-;-;-;-;-;-;-
06/1985;8,49 ;-;-;-;-;-;-;-;-;-
07/1985;10,31 ;-;-;-;-;-;-;-;-;-
08/1985;12,05 ;-;-;-;-;-;-;-;-;-
09/1985;11,12 ;-;-;-;-;-;-;-;-;-
10/1985;10,62 ;-;-;-;-;-;-;-;-;-
11/1985;13,97 ;-;-;-;-;-;-;-;-;-
12/1985;15,07 ;-;-;-;-;-;-;-;-;-
01/1986;14,37 ;-;-;-;-;-;-;-;-;-
02/1986;12,72 ;-;-;-;-;-;-;-;-;-
03/1986;4,77 ;-;-;-;-;-;-;-;-;-
04/1986;0,78 ;-;-;-;-;-;-;-;-;-
05/1986;1,40 ;-;-;-;-;-;-;-;-;-
06/1986;1,27 ;-;-;-;-;-;-;-;-;-
07/1986;1,71 ;-;-;-;-;-;-;-;-;-
08/1986;3,55 ;-;-;-;-;-;-;-;-;-
09/1986;1,72 ;-;-;-;-;-;-;-;-;-
10/1986;1,90 ;-;-;-;-;-;-;-;-;-
11/1986;5,45 ;-;-;-;-;-;-;-;-;-
12/1986;11,65 ;-;-;-;-;-;-;-;-;-
01/1987;13,21 ;-;-;-;-;-;-;-;-;-
02/1987;12,64 ;-;-;-;-;-;-;-;-;-
03/1987;16,37 ;-;-;-;-;-;-;-;-;-
04/1987;19,10 ;-;-;-;-;-;-;-;-;-
05/1987;21,45 ;-;-;-;-;-;-;-;-;-
06/1987;19,71 ;-;-;-;-;-;-;-;-;-
07/1987;9,21 ;-;-;-;-;-;-;-;-;-
08/1987;4,87 ;-;-;-;-;-;-;-;-;-
09/1987;7,78 ;-;-;-;-;-;-;-;-;-
10/1987;11,22 ;-;-;-;-;-;-;-;-;-
11/1987;15,08 ;-;-;-;-;-;-;-;-;-
12/1987;14,15 ;-;-;-;-;-;-;-;-;-
01/1988;18,89 ;-;-;-;-;-;-;-;-;-
02/1988;15,70 ;-;-;-;-;-;-;-;-;-
03/1988;17,60 ;-;-;-;-;-;-;-;-;-
04/1988;19,29 ;-;-;-;-;-;-;-;-;-
05/1988;17,42 ;-;-;-;-;-;-;-;-;-
06/1988;22,00 ;-;-;-;-;-;-;-;-;-
07/1988;21,91 ;-;-;-;-;-;-;-;-;-
08/1988;21,59 ;-;-;-;-;-;-;-;-;-
09/1988;27,45 ;-;-;-;-;-;-;-;-;-
10/1988;25,62 ;-;-;-;-;-;-;-;-;-
11/1988;27,94 ;-;-;-;-;-;-;-;-;-
12/1988;28,70 ;-;-;-;-;-;-;-;-;-
01/1989;37,49 ;-;-;-;-;-;-;-;-;-
02/1989;16,78 ;-;-;-;-;-;-;-;-;-
03/1989;6,82 ;-;-;-;-;-;-;-;-;-
04/1989;8,33 ;-;-;-;-;-;-;-;-;-
05/1989;17,92 ;-;-;-;-;-;-;-;-;-
06/1989;28,65 ;-;-;-;-;-;-;-;-;-
07/1989;27,74 ;-;-;-;-;-;-;-;-;-
08/1989;33,71 ;-;-;-;-;-;-;-;-;-
09/1989;37,56 ;-;-;-;-;-;-;-;-;-
10/1989;39,77 ;-;-;-;-;-;-;-;-;-
11/1989;47,82 ;-;-;-;-;-;-;-;-;-
12/1989;51,50 ;-;-;-;-;-;-;-;-;-
01/1990;67,55 ;-;-;-;-;-;-;-;-;-
02/1990;75,73 ;-;-;-;-;-;-;-;-;-
03/1990;82,39 ;-;-;-;-;-;-;-;-;-
04/1990;15,52 ;-;-;-;-;-;-;-;-;-
05/1990;7,59 ;-;-;-;-;-;-;-;-;-
06/1990;11,75 ;-;-;-;-;-;-;-;-;-
07/1990;12,92 ;-;-;-;-;-;-;-;-;-
08/1990;12,88 ;-;-;-;-;-;-;-;-;-
09/1990;14,41 ;-;-;-;-;-;-;-;-;-
10/1990;14,36 ;-;-;-;-;-;-;-;-;-
11/1990;16,81 ;-;-;-;-;-;-;-;-;-
12/1990;18,44 ;-;-;-;-;-;-;-;-;-
01/1991;20,75 ;21,94 ;25,16 ;12,74 ;6,20 ;-;-;21,40 ;28,77 ;-
02/1991;20,72 ;18,49 ;31,32 ;13,38 ;6,35 ;-;-;9,16 ;20,69 ;-
03/1991;11,92 ;3,87 ;49,57 ;8,62 ;5,87 ;-;-;4,30 ;7,84 ;-
04/1991;4,99 ;5,28 ;1,05 ;9,53 ;14,08 ;-;-;2,60 ;5,89 ;-
05/1991;7,43 ;4,60 ;7,37 ;10,25 ;15,49 ;-;-;4,37 ;11,16 ;-
06/1991;11,19 ;11,23 ;10,45 ;12,03 ;12,39 ;-;-;8,87 ;12,75 ;-
07/1991;12,41 ;12,79 ;11,07 ;11,99 ;12,89 ;-;-;15,00 ;13,43 ;-
08/1991;15,63 ;-;-;-;-;-;-;-;-;-
09/1991;15,63 ;37,85 ;25,33 ;31,62 ;30,73 ;-;-;36,40 ;41,29 ;-
10/1991;20,23 ;25,61 ;18,92 ;15,37 ;18,21 ;-;-;18,23 ;18,38 ;-
11/1991;25,21 ;30,91 ;20,23 ;21,00 ;18,37 ;-;-;27,68 ;22,72 ;-
12/1991;23,71 ;21,66 ;17,92 ;23,39 ;15,63 ;-;-;31,49 ;27,64 ;-
01/1992;25,94 ;24,30 ;24,19 ;21,90 ;9,54 ;-;-;30,57 ;31,88 ;-
02/1992;24,32 ;24,68 ;23,78 ;27,14 ;17,00 ;-;-;27,33 ;19,67 ;-
03/1992;21,40 ;20,89 ;22,99 ;22,28 ;17,04 ;-;-;23,43 ;19,92 ;-
04/1992;19,93 ;18,91 ;21,74 ;22,84 ;24,83 ;-;-;23,25 ;18,66 ;-
05/1992;24,86 ;25,34 ;21,95 ;22,45 ;27,49 ;-;-;28,14 ;28,91 ;-
06/1992;20,21 ;20,57 ;18,79 ;21,38 ;21,68 ;-;-;19,23 ;20,20 ;-
07/1992;21,83 ;20,81 ;22,96 ;22,29 ;21,04 ;-;-;21,69 ;21,34 ;-
08/1992;22,14 ;22,93 ;22,25 ;22,66 ;18,83 ;-;-;22,31 ;18,32 ;-
09/1992;24,63 ;25,72 ;21,31 ;22,87 ;27,37 ;-;-;23,60 ;28,64 ;-
10/1992;25,24 ;26,93 ;24,15 ;27,19 ;29,65 ;-;-;26,10 ;22,81 ;-
11/1992;22,49 ;23,18 ;20,85 ;25,10 ;31,94 ;-;-;24,36 ;19,43 ;-
12/1992;25,24 ;27,42 ;23,09 ;28,66 ;31,86 ;-;-;21,98 ;23,88 ;-
01/1993;30,35 ;32,80 ;23,24 ;29,30 ;23,69 ;-;-;27,19 ;37,50 ;-
02/1993;24,98 ;23,92 ;22,92 ;27,13 ;21,85 ;-;-;26,62 ;22,79 ;-
03/1993;27,26 ;26,02 ;24,73 ;27,03 ;24,59 ;-;-;29,49 ;30,14 ;-
04/1993;27,75 ;27,92 ;27,59 ;27,56 ;33,32 ;-;-;30,93 ;23,16 ;-
05/1993;27,69 ;26,31 ;26,77 ;25,34 ;27,13 ;-;-;28,33 ;30,76 ;-
06/1993;30,07 ;29,70 ;30,80 ;30,81 ;30,80 ;-;-;31,77 ;28,29 ;-
07/1993;30,72 ;28,56 ;31,38 ;26,87 ;29,58 ;-;-;33,85 ;31,53 ;-
08/1993;32,96 ;33,50 ;35,54 ;31,36 ;29,47 ;-;-;34,31 ;31,07 ;-
09/1993;35,69 ;35,28 ;33,73 ;30,25 ;33,92 ;-;-;36,59 ;40,26 ;-
10/1993;33,92 ;33,78 ;34,94 ;33,75 ;36,23 ;-;-;38,17 ;30,79 ;-
11/1993;35,56 ;36,50 ;33,93 ;33,19 ;37,04 ;-;-;38,77 ;32,65 ;-
12/1993;36,84 ;39,37 ;36,43 ;34,90 ;38,43 ;-;-;36,17 ;36,08 ;-
01/1994;41,31 ;46,80 ;33,59 ;37,38 ;35,74 ;-;-;40,44 ;46,64 ;-
02/1994;40,27 ;40,40 ;40,67 ;41,47 ;30,96 ;-;-;42,69 ;42,22 ;-
03/1994;42,75 ;44,26 ;46,36 ;40,81 ;38,56 ;-;-;44,56 ;40,80 ;-
04/1994;42,68 ;43,19 ;44,07 ;42,74 ;43,92 ;-;-;43,34 ;38,48 ;-
05/1994;44,03 ;40,21 ;43,00 ;44,98 ;46,55 ;-;-;46,18 ;45,67 ;-
06/1994;47,43 ;52,15 ;41,39 ;45,29 ;47,52 ;-;-;47,08 ;44,13 ;-
07/1994;6,84 ;10,03 ;0,68 ;4,69 ;10,18 ;-;-;4,41 ;4,71 ;-
08/1994;1,86 ;1,45 ;6,75 ;3,04 ;0,24 ;-;-;0,67 ;1,65 ;-
09/1994;1,53 ;0,13 ;7,04 ;0,94 ;2,09 ;-;-;0,26 ;1,75 ;-
10/1994;2,62 ;4,79 ;4,27 ;2,50 ;2,81 ;-;-;0,17 ;1,20 ;-
11/1994;2,81 ;4,65 ;4,49 ;3,13 ;2,44 ;-;-;1,68 ;1,48 ;-
12/1994;1,71 ;0,96 ;3,21 ;2,58 ;3,29 ;-;-;1,60 ;2,62 ;-
01/1995;1,70 ;0,73 ;2,17 ;3,15 ;0,99 ;-;-;2,26 ;4,71 ;-
02/1995;1,02 ;-0,06 ;3,65 ;2,99 ;-1,19 ;-;-;3,10 ;0,80 ;-
03/1995;1,55 ;1,44 ;3,82 ;1,65 ;-0,69 ;-;-;2,66 ;2,14 ;-
04/1995;2,43 ;1,99 ;4,24 ;2,36 ;2,62 ;-;-;2,14 ;4,08 ;-
05/1995;2,67 ;0,51 ;2,94 ;2,05 ;2,64 ;-;-;3,55 ;8,51 ;-
06/1995;2,26 ;-0,25 ;4,32 ;1,56 ;1,21 ;-;-;4,19 ;3,47 ;-
07/1995;2,36 ;0,98 ;4,83 ;0,55 ;0,91 ;-;-;4,44 ;2,64 ;-
08/1995;0,99 ;0,57 ;4,46 ;-0,57 ;-2,62 ;-;-;2,46 ;1,88 ;-
09/1995;0,99 ;-0,03 ;4,51 ;-0,22 ;0,11 ;-;-;1,03 ;1,38 ;-
10/1995;1,41 ;0,32 ;4,58 ;-0,36 ;0,82 ;-;-;1,03 ;1,50 ;-
11/1995;1,47 ;1,07 ;6,13 ;-0,14 ;0,20 ;-;-;0,84 ;1,60 ;-
12/1995;1,56 ;0,86 ;6,22 ;0,93 ;-0,34 ;-;-;1,97 ;0,90 ;-
01/1996;1,34 ;1,28 ;2,16 ;0,61 ;-0,28 ;-;-;2,08 ;2,15 ;-
02/1996;1,03 ;0,11 ;1,98 ;0,28 ;-3,28 ;-;-;1,29 ;2,07 ;-
03/1996;0,35 ;-0,02 ;1,96 ;0,00 ;-2,50 ;-;-;1,19 ;0,33 ;-
04/1996;1,26 ;0,50 ;1,81 ;0,26 ;0,90 ;-;-;0,82 ;0,43 ;-
05/1996;1,22 ;0,67 ;1,94 ;0,03 ;1,42 ;-;-;1,03 ;2,57 ;-
06/1996;1,19 ;0,67 ;2,19 ;-0,27 ;1,09 ;-;-;1,21 ;0,50 ;-
07/1996;1,11 ;0,52 ;1,89 ;-0,02 ;0,29 ;-;-;2,12 ;0,30 ;-
08/1996;0,44 ;-0,68 ;2,24 ;-0,04 ;-0,66 ;-;-;1,18 ;0,48 ;-
09/1996;0,15 ;-0,58 ;1,54 ;-0,13 ;-0,48 ;-;-;0,56 ;0,13 ;-
10/1996;0,30 ;0,11 ;1,47 ;-0,09 ;0,82 ;-;-;0,27 ;-0,54 ;-
11/1996;0,32 ;-0,37 ;1,36 ;0,42 ;0,27 ;-;-;0,48 ;0,11 ;-
12/1996;0,47 ;-0,48 ;1,22 ;0,89 ;0,88 ;-;-;0,80 ;-0,04 ;-
01/1997;1,18 ;0,97 ;1,06 ;0,73 ;0,21 ;-;-;1,08 ;0,82 ;-
02/1997;0,50 ;0,72 ;0,94 ;0,18 ;-0,83 ;-;-;0,60 ;0,58 ;-
03/1997;0,51 ;1,22 ;1,13 ;-0,70 ;-0,50 ;-;-;0,35 ;-0,29 ;-
04/1997;0,88 ;-0,16 ;1,60 ;-0,39 ;0,10 ;-;-;0,52 ;0,20 ;-
05/1997;0,41 ;-0,92 ;0,92 ;-0,85 ;1,28 ;-;-;0,79 ;0,58 ;-
06/1997;0,54 ;-0,34 ;0,60 ;-0,40 ;-0,10 ;-;-;0,60 ;0,36 ;-
07/1997;0,22 ;-0,52 ;0,41 ;-0,39 ;0,08 ;-;-;0,51 ;0,55 ;-
08/1997;-0,02 ;-0,57 ;0,42 ;-0,20 ;-0,98 ;-;-;0,38 ;0,14 ;-
09/1997;0,06 ;-0,21 ;0,25 ;-0,42 ;0,05 ;-;-;0,41 ;0,14 ;-
10/1997;0,23 ;0,27 ;0,27 ;-0,53 ;0,56 ;-;-;0,18 ;0,44 ;-
11/1997;0,17 ;0,17 ;0,29 ;-0,28 ;-0,34 ;-;-;0,02 ;-0,17 ;-
12/1997;0,43 ;0,59 ;0,31 ;0,35 ;0,38 ;-;-;0,34 ;0,31 ;-
01/1998;0,71 ;1,24 ;0,30 ;0,35 ;-0,79 ;-;-;0,57 ;1,59 ;-
02/1998;0,46 ;0,62 ;0,26 ;0,36 ;-0,64 ;-;-;0,39 ;1,02 ;-
03/1998;0,34 ;0,79 ;0,38 ;1,15 ;-0,68 ;-;-;0,57 ;-0,04 ;-
04/1998;0,24 ;0,85 ;0,29 ;-0,20 ;-0,24 ;-;-;0,45 ;-0,05 ;-
05/1998;0,50 ;1,38 ;0,13 ;-0,06 ;0,58 ;-;-;0,50 ;0,40 ;-
06/1998;0,02 ;0,13 ;0,05 ;0,37 ;0,38 ;-;-;0,03 ;-0,41 ;-
07/1998;-0,12 ;-0,99 ;0,00 ;-0,52 ;-0,15 ;-;-;0,52 ;0,35 ;-
08/1998;-0,51 ;-1,20 ;-0,06 ;-0,36 ;-0,81 ;-;-;0,25 ;0,11 ;-
09/1998;-0,22 ;-0,47 ;-0,02 ;-0,37 ;-0,07 ;-;-;0,26 ;-0,55 ;-
10/1998;0,02 ;-0,02 ;-0,09 ;0,05 ;0,80 ;-;-;0,23 ;-0,09 ;-
11/1998;-0,12 ;-0,46 ;-0,20 ;-0,55 ;0,17 ;-;-;0,16 ;0,43 ;-
12/1998;0,33 ;0,10 ;0,44 ;-0,90 ;0,35 ;-;-;0,47 ;0,31 ;-
01/1999;0,70 ;0,90 ;0,06 ;0,27 ;-0,25 ;-;-;0,43 ;1,63 ;-
02/1999;1,05 ;2,71 ;0,41 ;1,50 ;-1,23 ;-;-;0,48 ;-0,57 ;-
03/1999;1,10 ;2,01 ;0,79 ;1,63 ;-0,07 ;-;-;1,32 ;0,55 ;-
04/1999;0,56 ;-0,23 ;0,66 ;1,13 ;1,12 ;-;-;1,48 ;0,02 ;-
05/1999;0,30 ;-0,95 ;0,18 ;0,68 ;0,76 ;-;-;1,27 ;0,33 ;-
06/1999;0,19 ;-1,28 ;0,75 ;0,45 ;0,74 ;-;-;0,50 ;0,31 ;-
07/1999;1,09 ;-0,24 ;1,21 ;0,08 ;0,47 ;-;-;0,42 ;0,16 ;-
08/1999;0,56 ;0,13 ;0,84 ;0,08 ;-0,12 ;1,41 ;0,00 ;0,93 ;-0,13 ;0,40
09/1999;0,31 ;0,34 ;0,20 ;0,13 ;0,35 ;0,55 ;-0,24 ;0,69 ;-0,09 ;0,07
10/1999;1,19 ;1,77 ;0,02 ;0,34 ;1,04 ;3,24 ;-0,06 ;0,40 ;0,18 ;0,00
11/1999;0,95 ;1,35 ;0,43 ;0,91 ;0,61 ;2,15 ;-0,07 ;0,29 ;0,04 ;0,16
12/1999;0,60 ;1,41 ;0,41 ;0,62 ;0,69 ;0,33 ;-0,04 ;0,15 ;0,33 ;0,46
01/2000;0,62 ;0,84 ;0,19 ;0,43 ;0,21 ;0,39 ;1,82 ;0,59 ;0,12 ;3,05
02/2000;0,13 ;-0,25 ;0,01 ;0,29 ;-0,67 ;0,40 ;0,04 ;0,22 ;0,36 ;1,32
03/2000;0,22 ;-0,46 ;0,17 ;0,28 ;-1,44 ;1,68 ;0,07 ;0,27 ;-0,07 ;-0,26
04/2000;0,42 ;-0,36 ;0,00 ;0,19 ;0,72 ;0,51 ;-0,29 ;0,07 ;3,55 ;0,01
05/2000;0,01 ;-0,67 ;0,45 ;0,25 ;0,35 ;0,13 ;0,18 ;0,03 ;0,13 ;0,07
06/2000;0,23 ;0,11 ;-0,03 ;0,42 ;0,92 ;0,03 ;2,68 ;0,44 ;0,04 ;-0,19
07/2000;1,61 ;1,78 ;1,29 ;0,33 ;0,79 ;2,98 ;7,61 ;0,48 ;0,20 ;-0,25
08/2000;1,31 ;2,07 ;0,43 ;0,82 ;0,42 ;2,70 ;-0,04 ;0,89 ;0,32 ;0,20
09/2000;0,23 ;0,53 ;0,14 ;0,61 ;0,57 ;-0,01 ;0,19 ;-0,11 ;0,18 ;0,26
10/2000;0,14 ;0,16 ;0,04 ;0,39 ;0,63 ;0,13 ;0,05 ;-0,06 ;0,17 ;0,10
11/2000;0,32 ;-0,07 ;0,74 ;0,53 ;0,51 ;0,71 ;0,10 ;-0,11 ;0,07 ;0,20
12/2000;0,59 ;-0,48 ;0,96 ;0,55 ;1,07 ;1,87 ;0,04 ;-0,09 ;0,49 ;0,21
01/2001;0,57 ;0,63 ;0,65 ;0,60 ;-0,05 ;0,72 ;0,32 ;0,17 ;0,38 ;1,41
02/2001;0,46 ;0,05 ;0,38 ;0,13 ;-0,56 ;0,77 ;0,14 ;0,72 ;0,18 ;2,88
03/2001;0,38 ;1,17 ;0,15 ;-0,06 ;-0,42 ;0,12 ;0,07 ;0,60 ;0,04 ;0,49
04/2001;0,58 ;1,80 ;0,64 ;0,11 ;-0,11 ;-0,32 ;0,00 ;0,19 ;0,98 ;0,64
05/2001;0,41 ;0,58 ;1,06 ;-0,07 ;0,14 ;0,30 ;0,05 ;-0,05 ;0,50 ;0,07
06/2001;0,52 ;0,10 ;1,02 ;0,04 ;1,04 ;1,34 ;1,17 ;-0,64 ;0,08 ;0,14
07/2001;1,33 ;0,67 ;1,97 ;0,36 ;0,69 ;2,08 ;5,43 ;0,30 ;1,27 ;0,20
08/2001;0,70 ;0,83 ;0,78 ;0,25 ;0,43 ;0,64 ;0,39 ;0,73 ;1,05 ;0,45
09/2001;0,28 ;0,39 ;0,55 ;0,17 ;0,24 ;0,07 ;-0,15 ;0,37 ;0,16 ;0,40
10/2001;0,83 ;1,15 ;0,67 ;1,09 ;0,61 ;0,98 ;0,07 ;0,30 ;1,31 ;0,01
11/2001;0,71 ;1,31 ;0,68 ;1,14 ;0,89 ;0,35 ;0,04 ;0,45 ;0,60 ;0,31
12/2001;0,65 ;0,56 ;0,48 ;1,25 ;1,91 ;0,69 ;-0,05 ;0,99 ;0,17 ;0,12
01/2002;0,52 ;0,85 ;2,81 ;1,05 ;0,55 ;-1,50 ;0,43 ;0,30 ;0,57 ;0,41
02/2002;0,36 ;0,20 ;0,23 ;0,66 ;-0,67 ;-0,50 ;0,40 ;1,10 ;0,37 ;4,70
03/2002;0,60 ;0,39 ;0,93 ;-0,13 ;0,00 ;1,04 ;0,02 ;1,29 ;-0,25 ;0,65
04/2002;0,80 ;-0,32 ;1,40 ;-0,02 ;1,05 ;2,02 ;0,01 ;0,76 ;0,54 ;0,38
05/2002;0,21 ;-0,59 ;0,28 ;0,83 ;1,39 ;0,33 ;0,00 ;0,17 ;0,68 ;0,44
06/2002;0,42 ;0,08 ;1,09 ;0,06 ;1,39 ;0,32 ;0,22 ;0,23 ;0,29 ;0,18
07/2002;1,19 ;1,05 ;1,80 ;0,21 ;0,91 ;0,55 ;9,31 ;0,53 ;1,02 ;0,12
08/2002;0,65 ;1,94 ;0,43 ;0,66 ;0,21 ;-0,15 ;0,47 ;0,50 ;0,53 ;0,29
09/2002;0,72 ;1,96 ;-0,39 ;1,73 ;0,55 ;0,34 ;0,11 ;0,64 ;0,61 ;0,40
10/2002;1,31 ;2,79 ;0,30 ;2,27 ;1,22 ;1,20 ;0,06 ;0,63 ;1,12 ;0,13
11/2002;3,02 ;5,85 ;2,02 ;2,88 ;0,97 ;4,68 ;0,03 ;0,88 ;0,41 ;0,24
12/2002;2,10 ;3,91 ;1,42 ;2,12 ;0,93 ;1,33 ;0,03 ;2,74 ;2,19 ;0,27
01/2003;2,25 ;2,15 ;1,76 ;1,90 ;0,94 ;4,20 ;0,32 ;1,44 ;1,94 ;1,23
02/2003;1,57 ;1,22 ;0,18 ;1,57 ;0,11 ;3,00 ;3,24 ;0,67 ;0,64 ;5,64
03/2003;1,23 ;1,66 ;1,09 ;1,19 ;0,60 ;0,70 ;1,58 ;2,39 ;0,72 ;0,92
04/2003;0,97 ;1,01 ;1,95 ;0,82 ;1,03 ;0,50 ;0,14 ;1,54 ;0,35 ;0,43
05/2003;0,61 ;0,63 ;2,27 ;0,29 ;1,14 ;-0,32 ;0,03 ;0,71 ;0,11 ;0,22
06/2003;-0,15 ;-0,34 ;0,52 ;-0,03 ;1,89 ;-1,45 ;0,19 ;0,34 ;0,22 ;0,12
07/2003;0,20 ;-0,67 ;0,80 ;-0,08 ;0,36 ;-0,68 ;8,33 ;0,40 ;0,17 ;0,51
08/2003;0,34 ;-0,27 ;1,00 ;0,10 ;0,09 ;0,12 ;1,39 ;0,25 ;1,20 ;0,35
09/2003;0,78 ;0,78 ;1,17 ;0,24 ;0,72 ;0,68 ;2,32 ;0,52 ;0,59 ;0,21
10/2003;0,29 ;0,46 ;0,44 ;0,47 ;0,92 ;-0,39 ;-0,06 ;0,64 ;0,65 ;-0,03
11/2003;0,34 ;0,25 ;0,29 ;0,12 ;0,99 ;0,15 ;0,03 ;0,17 ;1,27 ;0,14
12/2003;0,52 ;0,39 ;0,22 ;0,12 ;0,98 ;0,67 ;0,05 ;0,56 ;1,34 ;0,18
01/2004;0,76 ;0,88 ;1,16 ;0,37 ;0,03 ;0,79 ;0,16 ;0,43 ;0,97 ;0,68
02/2004;0,61 ;0,15 ;0,29 ;0,43 ;-0,23 ;0,52 ;0,83 ;0,28 ;0,39 ;6,70
03/2004;0,47 ;0,43 ;0,59 ;0,70 ;0,46 ;-0,08 ;0,72 ;0,74 ;1,02 ;0,62
04/2004;0,37 ;-0,34 ;0,82 ;0,31 ;1,11 ;0,12 ;-0,01 ;1,59 ;0,30 ;0,40
05/2004;0,51 ;0,23 ;0,62 ;0,29 ;1,34 ;0,54 ;0,06 ;1,25 ;0,08 ;0,25
06/2004;0,71 ;0,72 ;0,20 ;0,63 ;1,14 ;1,58 ;0,06 ;0,42 ;0,30 ;0,19
07/2004;0,91 ;0,67 ;1,28 ;0,43 ;0,51 ;1,03 ;4,46 ;0,48 ;0,50 ;0,27
08/2004;0,69 ;0,85 ;0,34 ;-0,03 ;0,50 ;1,21 ;0,64 ;0,42 ;0,65 ;0,57
09/2004;0,33 ;-0,19 ;0,30 ;0,68 ;0,96 ;0,36 ;2,82 ;0,00 ;0,46 ;0,13
10/2004;0,44 ;-0,23 ;0,46 ;0,49 ;1,12 ;0,98 ;0,69 ;0,40 ;0,61 ;-0,08
11/2004;0,69 ;-0,01 ;0,36 ;0,53 ;1,02 ;1,74 ;2,37 ;0,31 ;0,50 ;0,08
12/2004;0,86 ;0,65 ;0,50 ;0,47 ;1,59 ;1,71 ;0,40 ;0,35 ;0,87 ;0,33
01/2005;0,58 ;0,78 ;0,59 ;0,84 ;0,23 ;0,60 ;0,04 ;0,32 ;0,69 ;0,34
02/2005;0,59 ;0,49 ;0,44 ;0,64 ;-0,22 ;0,13 ;0,03 ;0,48 ;0,58 ;5,28
03/2005;0,61 ;0,26 ;0,85 ;0,18 ;0,60 ;1,33 ;0,19 ;0,25 ;0,30 ;0,43
04/2005;0,87 ;0,81 ;0,83 ;0,52 ;0,92 ;1,08 ;0,67 ;1,55 ;0,45 ;0,14
05/2005;0,49 ;0,65 ;0,65 ;0,58 ;1,45 ;-0,04 ;-0,17 ;1,06 ;0,34 ;0,09
06/2005;-0,02 ;-0,67 ;0,33 ;0,17 ;0,38 ;-0,29 ;0,71 ;0,18 ;0,60 ;0,24
07/2005;0,25 ;-0,77 ;0,04 ;0,25 ;0,15 ;0,62 ;3,80 ;0,37 ;0,63 ;0,17
08/2005;0,17 ;-0,73 ;0,41 ;0,25 ;0,05 ;0,41 ;1,08 ;0,41 ;0,65 ;0,19
09/2005;0,35 ;-0,25 ;0,61 ;-0,26 ;0,19 ;0,86 ;0,00 ;0,45 ;0,73 ;0,09
10/2005;0,75 ;0,27 ;0,45 ;-0,37 ;0,72 ;2,21 ;0,00 ;0,45 ;0,74 ;-0,14
11/2005;0,55 ;0,88 ;0,64 ;-0,47 ;0,85 ;0,66 ;-0,05 ;0,32 ;0,61 ;-0,03
12/2005;0,36 ;0,27 ;0,42 ;0,36 ;1,58 ;0,24 ;0,03 ;0,20 ;0,45 ;0,26
01/2006;0,59 ;0,11 ;-0,01 ;0,60 ;0,03 ;1,52 ;0,03 ;0,72 ;0,94 ;0,57
02/2006;0,41 ;-0,28 ;0,32 ;-0,39 ;-0,54 ;0,76 ;0,06 ;0,45 ;0,34 ;4,44
03/2006;0,43 ;-0,24 ;0,58 ;-0,14 ;0,21 ;1,13 ;0,04 ;0,50 ;0,40 ;0,71
04/2006;0,21 ;-0,27 ;0,58 ;-0,72 ;1,18 ;-0,01 ;0,14 ;1,18 ;0,20 ;0,02
05/2006;0,10 ;-0,03 ;0,33 ;-0,61 ;0,90 ;-0,42 ;0,04 ;0,90 ;0,37 ;-0,04
06/2006;-0,21 ;-0,61 ;0,41 ;-0,63 ;0,59 ;-0,93 ;0,01 ;0,35 ;0,26 ;0,02
07/2006;0,19 ;0,09 ;-0,02 ;0,02 ;-0,24 ;0,37 ;-0,07 ;0,44 ;0,67 ;0,09
08/2006;0,05 ;0,07 ;0,11 ;-0,14 ;0,09 ;-0,32 ;-0,30 ;0,20 ;0,96 ;-0,02
09/2006;0,21 ;0,08 ;0,42 ;-0,14 ;0,46 ;-0,01 ;-0,07 ;0,28 ;0,89 ;-0,01
10/2006;0,33 ;0,88 ;0,20 ;-0,41 ;0,64 ;-0,13 ;-0,01 ;0,37 ;0,87 ;0,17
11/2006;0,31 ;1,05 ;-0,08 ;0,00 ;0,65 ;-0,09 ;-0,10 ;0,22 ;0,69 ;0,03
12/2006;0,48 ;0,39 ;0,19 ;-0,18 ;1,00 ;1,14 ;-0,01 ;0,25 ;0,44 ;0,17
01/2007;0,44 ;0,84 ;0,07 ;0,29 ;-0,19 ;0,62 ;0,07 ;0,47 ;0,70 ;0,07
02/2007;0,44 ;0,78 ;0,19 ;-0,45 ;-0,72 ;0,07 ;-0,28 ;0,40 ;0,43 ;3,48
03/2007;0,37 ;0,98 ;0,26 ;-0,41 ;0,47 ;0,22 ;0,01 ;0,32 ;0,41 ;0,02
04/2007;0,25 ;0,03 ;0,39 ;-0,18 ;0,33 ;0,31 ;0,24 ;0,47 ;0,46 ;0,04
05/2007;0,28 ;0,16 ;0,19 ;-0,17 ;0,68 ;0,23 ;0,07 ;0,57 ;0,74 ;0,06
06/2007;0,28 ;1,09 ;0,25 ;-0,65 ;0,91 ;-0,40 ;-0,05 ;0,32 ;0,42 ;0,04
07/2007;0,24 ;1,27 ;-0,74 ;-0,39 ;-0,16 ;-0,08 ;0,42 ;0,33 ;0,52 ;0,06
08/2007;0,47 ;1,39 ;0,05 ;0,08 ;-0,03 ;0,05 ;0,71 ;0,31 ;0,59 ;0,38
09/2007;0,18 ;0,44 ;0,54 ;0,17 ;0,45 ;-0,16 ;-0,53 ;0,35 ;0,14 ;-0,11
10/2007;0,30 ;0,52 ;-0,02 ;0,10 ;0,72 ;0,12 ;0,05 ;0,49 ;0,59 ;0,01
11/2007;0,38 ;0,73 ;0,41 ;-0,46 ;0,55 ;0,38 ;0,01 ;0,35 ;0,35 ;0,02
12/2007;0,74 ;2,06 ;0,16 ;-0,43 ;0,72 ;0,71 ;-0,03 ;0,00 ;1,00 ;0,07
01/2008;0,54 ;1,52 ;0,16 ;0,16 ;-0,08 ;0,40 ;-0,03 ;0,41 ;0,54 ;0,20
02/2008;0,49 ;0,60 ;0,20 ;-0,11 ;-0,54 ;0,06 ;0,22 ;0,44 ;0,54 ;3,47
03/2008;0,48 ;0,89 ;0,65 ;-0,38 ;0,75 ;0,42 ;0,03 ;0,50 ;0,09 ;0,24
04/2008;0,55 ;1,29 ;0,19 ;0,32 ;1,53 ;-0,05 ;0,06 ;0,76 ;0,49 ;0,05
05/2008;0,79 ;1,95 ;0,32 ;0,17 ;0,98 ;0,33 ;-0,02 ;0,65 ;1,11 ;0,03
06/2008;0,74 ;2,11 ;0,26 ;0,13 ;0,42 ;0,26 ;0,29 ;0,66 ;0,54 ;0,05
07/2008;0,53 ;1,05 ;0,60 ;0,05 ;-0,03 ;0,46 ;0,36 ;0,47 ;0,51 ;-0,02
08/2008;0,28 ;-0,18 ;0,77 ;0,23 ;0,39 ;0,06 ;0,69 ;0,32 ;0,73 ;0,42
09/2008;0,26 ;-0,27 ;0,50 ;0,37 ;0,70 ;0,39 ;-0,12 ;0,46 ;0,80 ;-0,05
10/2008;0,45 ;0,69 ;0,62 ;0,40 ;1,27 ;0,02 ;0,17 ;0,26 ;0,68 ;0,02
11/2008;0,36 ;0,61 ;0,43 ;0,68 ;0,71 ;-0,02 ;0,13 ;0,33 ;0,50 ;0,05
12/2008;0,28 ;0,36 ;0,28 ;-0,04 ;0,99 ;-0,03 ;0,00 ;0,32 ;0,59 ;0,08
01/2009;0,48 ;0,75 ;0,49 ;0,45 ;0,05 ;0,35 ;0,05 ;0,55 ;0,65 ;0,34
02/2009;0,55 ;0,27 ;0,22 ;0,28 ;-0,24 ;0,24 ;0,15 ;0,46 ;0,31 ;4,77
03/2009;0,20 ;0,30 ;0,25 ;0,48 ;0,70 ;-0,07 ;0,05 ;0,37 ;0,35 ;-0,37
04/2009;0,48 ;0,15 ;0,75 ;-0,50 ;1,08 ;-0,21 ;0,08 ;1,10 ;2,14 ;0,09
05/2009;0,47 ;0,44 ;0,72 ;0,05 ;1,16 ;-0,18 ;-0,01 ;0,68 ;1,57 ;0,03
06/2009;0,36 ;0,70 ;0,27 ;0,84 ;0,53 ;0,02 ;-0,16 ;0,49 ;0,49 ;0,03
07/2009;0,24 ;-0,06 ;1,11 ;0,37 ;-0,01 ;0,14 ;-0,10 ;0,31 ;0,26 ;0,11
08/2009;0,15 ;-0,01 ;0,47 ;-0,24 ;0,13 ;-0,11 ;-0,02 ;0,21 ;0,27 ;0,83
09/2009;0,24 ;-0,14 ;0,62 ;-0,03 ;0,58 ;0,27 ;0,22 ;0,30 ;0,52 ;0,07
10/2009;0,28 ;-0,09 ;0,28 ;0,38 ;0,64 ;0,51 ;0,91 ;0,30 ;0,20 ;0,04
11/2009;0,41 ;0,58 ;0,19 ;0,43 ;0,58 ;0,61 ;0,01 ;0,24 ;0,55 ;0,01
12/2009;0,37 ;0,24 ;0,17 ;0,51 ;0,76 ;0,78 ;-0,11 ;0,24 ;0,46 ;0,10
01/2010;0,75 ;1,13 ;0,27 ;0,41 ;0,31 ;1,45 ;0,00 ;0,36 ;0,78 ;0,26
02/2010;0,78 ;0,96 ;0,31 ;0,36 ;-0,52 ;0,79 ;0,03 ;0,23 ;0,40 ;4,53
03/2010;0,52 ;1,55 ;0,32 ;1,00 ;0,66 ;-0,54 ;0,08 ;0,27 ;0,77 ;0,54
04/2010;0,57 ;1,45 ;0,08 ;-0,04 ;1,28 ;-0,08 ;-0,03 ;0,84 ;0,66 ;0,11
05/2010;0,43 ;0,28 ;0,78 ;0,59 ;0,91 ;0,09 ;-0,01 ;0,74 ;0,75 ;0,04
06/2010;0,00 ;-0,90 ;0,40 ;0,35 ;0,58 ;-0,21 ;0,02 ;0,57 ;0,74 ;0,03
07/2010;0,01 ;-0,76 ;0,54 ;0,29 ;-0,04 ;0,08 ;0,00 ;0,31 ;0,54 ;-0,03
08/2010;0,04 ;-0,24 ;0,23 ;-0,31 ;0,17 ;-0,09 ;-0,03 ;0,26 ;0,20 ;0,44
09/2010;0,45 ;1,08 ;0,40 ;0,46 ;0,45 ;0,13 ;0,04 ;0,36 ;0,34 ;0,08
10/2010;0,75 ;1,89 ;0,48 ;0,37 ;0,89 ;0,36 ;0,29 ;0,26 ;0,64 ;0,02
11/2010;0,83 ;2,22 ;0,57 ;-0,12 ;1,25 ;0,13 ;0,42 ;0,36 ;0,74 ;0,06
12/2010;0,63 ;1,32 ;0,49 ;0,10 ;1,34 ;0,29 ;0,05 ;0,39 ;0,57 ;0,05
01/2011;0,83 ;1,16 ;0,61 ;0,25 ;0,12 ;1,55 ;0,29 ;0,47 ;0,83 ;0,30
02/2011;0,80 ;0,23 ;0,32 ;0,44 ;-0,25 ;0,46 ;0,49 ;0,31 ;1,43 ;5,81
03/2011;0,79 ;0,75 ;0,46 ;0,21 ;0,56 ;1,56 ;0,17 ;0,45 ;0,78 ;1,04
04/2011;0,77 ;0,58 ;0,77 ;-0,62 ;1,42 ;1,57 ;0,00 ;0,98 ;0,57 ;0,09
05/2011;0,47 ;0,63 ;0,97 ;0,09 ;1,19 ;-0,24 ;0,15 ;0,73 ;0,72 ;0,01
06/2011;0,15 ;-0,26 ;0,58 ;0,42 ;1,25 ;-0,61 ;-0,05 ;0,67 ;0,67 ;0,11
07/2011;0,16 ;-0,34 ;0,27 ;0,03 ;0,10 ;0,46 ;-0,04 ;0,47 ;0,49 ;0,11
08/2011;0,37 ;0,72 ;0,32 ;0,57 ;0,67 ;-0,11 ;-0,06 ;0,43 ;0,50 ;0,17
09/2011;0,53 ;0,64 ;0,71 ;-0,36 ;0,80 ;0,78 ;-0,04 ;0,34 ;0,53 ;0,14
10/2011;0,43 ;0,56 ;0,62 ;-0,20 ;0,74 ;0,48 ;0,13 ;0,45 ;0,22 ;0,07
11/2011;0,52 ;1,08 ;0,47 ;0,05 ;0,58 ;0,01 ;0,39 ;0,42 ;0,88 ;0,02
12/2011;0,50 ;1,23 ;0,45 ;-0,87 ;0,80 ;0,00 ;0,07 ;0,44 ;0,68 ;0,05
01/2012;0,56 ;0,86 ;0,53 ;0,16 ;0,07 ;0,69 ;0,21 ;0,30 ;0,71 ;0,39
02/2012;0,45 ;0,19 ;0,60 ;0,06 ;-0,23 ;-0,33 ;-0,17 ;0,70 ;0,88 ;5,62
03/2012;0,21 ;0,25 ;0,48 ;-0,40 ;-0,61 ;0,16 ;-0,36 ;0,38 ;0,55 ;0,54
04/2012;0,64 ;0,51 ;0,80 ;-0,79 ;0,98 ;0,10 ;0,46 ;0,96 ;2,23 ;0,04
05/2012;0,36 ;0,73 ;0,80 ;0,17 ;0,89 ;-0,58 ;-0,19 ;0,66 ;0,60 ;-0,01
06/2012;0,08 ;0,68 ;0,28 ;-0,03 ;0,39 ;-1,18 ;-0,01 ;0,38 ;0,47 ;0,06
07/2012;0,43 ;0,91 ;0,54 ;-0,01 ;0,04 ;-0,03 ;0,15 ;0,36 ;0,91 ;0,12
08/2012;0,41 ;0,88 ;0,22 ;0,40 ;0,19 ;0,06 ;-0,01 ;0,53 ;0,42 ;0,51
09/2012;0,57 ;1,26 ;0,71 ;0,18 ;0,89 ;-0,08 ;0,03 ;0,32 ;0,73 ;0,10
10/2012;0,59 ;1,36 ;0,38 ;0,37 ;1,09 ;0,24 ;0,31 ;0,48 ;0,10 ;0,05
11/2012;0,60 ;0,79 ;0,64 ;0,47 ;0,86 ;0,68 ;0,31 ;0,32 ;0,53 ;0,05
12/2012;0,79 ;1,03 ;0,63 ;0,27 ;1,11 ;0,75 ;0,03 ;0,40 ;1,60 ;0,19
01/2013;0,86 ;1,99 ;-0,20 ;1,15 ;-0,53 ;0,75 ;-0,08 ;0,73 ;1,55 ;0,35
02/2013;0,60 ;1,45 ;-2,38 ;0,53 ;0,55 ;0,81 ;0,10 ;0,65 ;0,57 ;5,40
03/2013;0,47 ;1,14 ;0,51 ;0,11 ;0,15 ;-0,09 ;0,13 ;0,32 ;0,54 ;0,56
04/2013;0,55 ;0,96 ;0,62 ;0,63 ;0,65 ;-0,19 ;-0,32 ;1,28 ;0,61 ;0,10
05/2013;0,37 ;0,31 ;0,75 ;0,46 ;0,84 ;-0,25 ;0,08 ;0,94 ;0,41 ;0,06
06/2013;0,26 ;0,04 ;0,57 ;0,12 ;0,50 ;0,14 ;0,19 ;0,36 ;0,40 ;0,18
07/2013;0,03 ;-0,33 ;0,57 ;0,28 ;-0,39 ;-0,66 ;0,20 ;0,34 ;1,13 ;0,11
08/2013;0,24 ;0,01 ;0,57 ;0,89 ;0,08 ;-0,06 ;0,02 ;0,45 ;0,39 ;0,67
09/2013;0,35 ;0,14 ;0,62 ;0,65 ;0,63 ;0,44 ;-0,04 ;0,46 ;0,20 ;0,12
10/2013;0,57 ;1,03 ;0,56 ;0,81 ;1,13 ;0,17 ;0,08 ;0,39 ;0,43 ;0,09
11/2013;0,54 ;0,56 ;0,69 ;0,38 ;0,85 ;0,36 ;0,40 ;0,41 ;0,87 ;0,08
12/2013;0,92 ;0,89 ;0,52 ;0,89 ;0,80 ;1,85 ;0,74 ;0,41 ;1,00 ;0,05
01/2014;0,55 ;0,84 ;0,55 ;0,49 ;-0,15 ;-0,03 ;0,03 ;0,48 ;1,72 ;0,57
02/2014;0,69 ;0,56 ;0,77 ;1,07 ;-0,40 ;-0,05 ;0,14 ;0,74 ;0,69 ;5,97
03/2014;0,92 ;1,92 ;0,33 ;0,38 ;0,31 ;1,38 ;-1,26 ;0,43 ;0,79 ;0,53
04/2014;0,67 ;1,19 ;0,87 ;0,20 ;0,47 ;0,32 ;0,02 ;1,01 ;0,31 ;0,03
05/2014;0,46 ;0,58 ;0,61 ;1,03 ;0,84 ;-0,45 ;0,11 ;0,98 ;0,80 ;0,13
06/2014;0,40 ;-0,11 ;0,55 ;0,38 ;0,49 ;0,37 ;-0,02 ;0,60 ;1,57 ;0,02
07/2014;0,01 ;-0,15 ;1,20 ;0,86 ;-0,24 ;-0,98 ;-0,79 ;0,50 ;0,12 ;0,04
08/2014;0,25 ;-0,15 ;0,94 ;0,47 ;-0,15 ;0,33 ;0,10 ;0,41 ;0,09 ;0,43
09/2014;0,57 ;0,78 ;0,77 ;0,34 ;0,57 ;0,63 ;0,13 ;0,33 ;0,39 ;0,18
10/2014;0,42 ;0,46 ;0,68 ;0,19 ;0,62 ;0,39 ;-0,05 ;0,39 ;0,36 ;0,11
11/2014;0,51 ;0,77 ;0,69 ;-0,04 ;0,39 ;0,43 ;0,08 ;0,42 ;0,48 ;0,21
12/2014;0,78 ;1,08 ;0,51 ;0,00 ;0,85 ;1,38 ;0,00 ;0,47 ;0,70 ;0,07
01/2015;1,24 ;1,48 ;2,42 ;-0,28 ;-0,69 ;1,83 ;0,15 ;0,32 ;1,68 ;0,31
02/2015;1,22 ;0,81 ;1,22 ;0,87 ;-0,60 ;2,20 ;-0,02 ;0,60 ;0,86 ;5,88
03/2015;1,32 ;1,17 ;5,29 ;0,35 ;0,59 ;0,46 ;-1,16 ;0,69 ;0,36 ;0,75
04/2015;0,71 ;0,97 ;0,93 ;0,66 ;0,91 ;0,11 ;0,31 ;1,32 ;0,51 ;0,21
05/2015;0,74 ;1,37 ;1,22 ;0,36 ;0,61 ;-0,29 ;0,17 ;1,10 ;0,74 ;0,06
06/2015;0,79 ;0,63 ;0,86 ;0,72 ;0,58 ;0,70 ;0,34 ;0,91 ;1,63 ;0,20
07/2015;0,62 ;0,65 ;1,52 ;0,86 ;-0,31 ;0,15 ;0,30 ;0,84 ;0,61 ;0,00
08/2015;0,22 ;-0,01 ;0,29 ;0,37 ;0,20 ;-0,27 ;0,14 ;0,62 ;0,75 ;0,82
09/2015;0,54 ;0,24 ;1,30 ;0,19 ;0,50 ;0,71 ;0,01 ;0,55 ;0,33 ;0,25
10/2015;0,82 ;0,77 ;0,75 ;0,39 ;0,67 ;1,72 ;0,39 ;0,55 ;0,57 ;0,10
11/2015;1,01 ;1,83 ;0,76 ;0,31 ;0,79 ;1,08 ;1,03 ;0,64 ;0,52 ;0,22
12/2015;0,96 ;1,50 ;0,49 ;0,46 ;1,15 ;1,36 ;0,43 ;0,70 ;0,57 ;0,22
01/2016;1,27 ;2,28 ;0,81 ;0,45 ;-0,24 ;1,77 ;0,22 ;0,81 ;1,19 ;0,31
02/2016;0,90 ;1,06 ;-0,15 ;1,01 ;0,24 ;0,62 ;0,66 ;0,94 ;0,77 ;5,90
03/2016;0,43 ;1,24 ;-0,64 ;0,70 ;0,69 ;0,16 ;-1,65 ;0,78 ;0,60 ;0,63
04/2016;0,61 ;1,09 ;-0,38 ;0,26 ;0,40 ;0,03 ;1,47 ;2,33 ;0,23 ;0,20
05/2016;0,78 ;0,78 ;1,79 ;0,63 ;0,91 ;-0,58 ;0,01 ;1,62 ;1,35 ;0,16
06/2016;0,35 ;0,71 ;0,63 ;0,26 ;0,32 ;-0,53 ;0,04 ;0,83 ;0,35 ;0,11
07/2016;0,52 ;1,32 ;-0,29 ;0,53 ;-0,38 ;0,40 ;0,02 ;0,61 ;0,70 ;0,04
08/2016;0,44 ;0,30 ;0,30 ;0,36 ;0,15 ;0,27 ;-0,02 ;0,80 ;0,96 ;0,99
09/2016;0,08 ;-0,29 ;0,63 ;-0,23 ;0,43 ;-0,10 ;0,18 ;0,33 ;0,10 ;0,18
10/2016;0,26 ;-0,05 ;0,42 ;-0,13 ;0,45 ;0,75 ;0,07 ;0,43 ;0,01 ;0,02
11/2016;0,18 ;-0,20 ;0,30 ;-0,16 ;0,20 ;0,28 ;0,27 ;0,57 ;0,47 ;0,06
12/2016;0,30 ;0,08 ;-0,59 ;-0,31 ;0,32 ;1,11 ;0,02 ;0,49 ;1,01 ;0,07
01/2017;0,38 ;0,35 ;0,17 ;-0,10 ;-0,36 ;0,77 ;0,63 ;0,55 ;0,45 ;0,29
02/2017;0,33 ;-0,45 ;0,24 ;0,18 ;-0,13 ;0,24 ;0,66 ;0,65 ;0,31 ;5,04
03/2017;0,25 ;0,34 ;1,18 ;-0,29 ;-0,12 ;-0,86 ;-0,63 ;0,69 ;0,52 ;0,95
04/2017;0,14 ;0,58 ;-1,09 ;-0,28 ;0,48 ;-0,06 ;0,55 ;1,00 ;0,09 ;0,03
05/2017;0,31 ;-0,35 ;2,14 ;-0,23 ;0,98 ;-0,42 ;0,09 ;0,62 ;0,23 ;0,08
06/2017;-0,23 ;-0,50 ;-0,77 ;-0,07 ;0,21 ;-0,52 ;0,09 ;0,46 ;0,33 ;0,08
07/2017;0,24 ;-0,47 ;1,64 ;-0,23 ;-0,42 ;0,34 ;-0,02 ;0,37 ;0,36 ;-0,02
08/2017;0,19 ;-1,07 ;0,57 ;0,20 ;0,29 ;1,53 ;-0,56 ;0,41 ;0,29 ;0,24
09/2017;0,16 ;-0,41 ;-0,12 ;0,13 ;0,28 ;0,79 ;0,50 ;0,32 ;0,56 ;0,04
10/2017;0,42 ;-0,05 ;1,33 ;-0,39 ;0,71 ;0,49 ;0,40 ;0,52 ;0,32 ;0,06
11/2017;0,28 ;-0,38 ;1,27 ;-0,45 ;0,10 ;0,52 ;0,15 ;0,34 ;0,42 ;0,03
12/2017;0,44 ;0,54 ;-0,40 ;0,03 ;0,84 ;1,23 ;-0,11 ;0,40 ;0,42 ;0,15
01/2018;0,29 ;0,74 ;-0,85 ;0,14 ;-0,98 ;1,10 ;0,11 ;0,42 ;0,22 ;0,22
02/2018;0,32 ;-0,33 ;0,22 ;0,03 ;-0,38 ;0,74 ;0,05 ;0,38 ;0,17 ;3,89
03/2018;0,09 ;0,07 ;0,19 ;0,08 ;0,33 ;-0,25 ;-0,33 ;0,48 ;0,05 ;0,28
04/2018;0,22 ;0,09 ;0,17 ;0,22 ;0,62 ;0,00 ;-0,07 ;0,91 ;0,12 ;0,08
05/2018;0,40 ;0,32 ;0,83 ;-0,06 ;0,58 ;0,40 ;0,16 ;0,57 ;0,11 ;0,06
06/2018;1,26 ;2,03 ;2,48 ;0,34 ;-0,16 ;1,58 ;0,00 ;0,37 ;0,33 ;0,02
07/2018;0,33 ;-0,12 ;1,54 ;0,47 ;-0,60 ;0,49 ;0,08 ;0,07 ;0,31 ;-0,08
08/2018;-0,09 ;-0,34 ;0,44 ;0,56 ;0,19 ;-1,22 ;0,03 ;0,53 ;0,36 ;0,25
09/2018;0,48 ;0,10 ;0,37 ;0,11 ;-0,02 ;1,69 ;-0,07 ;0,28 ;0,38 ;0,24
10/2018;0,45 ;0,59 ;0,14 ;0,76 ;0,33 ;0,92 ;0,02 ;0,27 ;0,25 ;0,04
11/2018;-0,21 ;0,39 ;-0,71 ;0,48 ;-0,43 ;-0,74 ;-0,07 ;-0,71 ;0,36 ;0,04
12/2018;0,15 ;0,44 ;-0,15 ;0,57 ;1,14 ;-0,54 ;0,01 ;0,32 ;0,29 ;0,21
01/2019;0,32 ;0,90 ;0,24 ;0,32 ;-1,15 ;0,02 ;0,04 ;0,26 ;0,61 ;0,12
02/2019;0,43 ;0,78 ;0,38 ;0,20 ;-0,33 ;-0,34 ;0,00 ;0,49 ;0,18 ;3,53
03/2019;0,75 ;1,37 ;0,25 ;0,27 ;0,45 ;1,44 ;-0,22 ;0,42 ;0,16 ;0,32
04/2019;0,57 ;0,63 ;0,24 ;-0,24 ;0,18 ;0,94 ;0,03 ;1,51 ;0,17 ;0,09
05/2019;0,13 ;-0,56 ;0,98 ;-0,10 ;0,34 ;0,07 ;-0,03 ;0,59 ;0,16 ;-0,04
06/2019;0,01 ;-0,25 ;0,07 ;0,02 ;0,30 ;-0,31 ;-0,02 ;0,64 ;0,15 ;0,14
07/2019;0,19 ;0,01 ;1,20 ;0,29 ;-0,52 ;-0,17 ;0,57 ;-0,20 ;0,44 ;0,04
08/2019;0,11 ;-0,35 ;1,19 ;0,56 ;0,23 ;-0,39 ;0,09 ;-0,03 ;0,31 ;0,16
09/2019;-0,04 ;-0,43 ;0,02 ;-0,76 ;0,27 ;0,00 ;-0,01 ;0,58 ;0,04 ;0,04
10/2019;0,10 ;0,05 ;-0,61 ;-0,09 ;0,63 ;0,45 ;-0,01 ;0,40 ;0,20 ;0,03
11/2019;0,51 ;0,72 ;0,71 ;-0,36 ;0,35 ;0,30 ;-0,02 ;0,21 ;1,24 ;0,08
12/2019;1,15 ;3,38 ;-0,82 ;-0,48 ;0,00 ;1,54 ;0,66 ;0,42 ;0,92 ;0,20
01/2020;0,21 ;0,39 ;0,55 ;-0,07 ;-0,48 ;0,32 ;0,12 ;-0,32 ;0,35 ;0,16
02/2020;0,25 ;0,11 ;-0,39 ;-0,08 ;-0,73 ;-0,23 ;0,21 ;0,73 ;0,31 ;3,70
03/2020;0,07 ;1,13 ;0,13 ;-1,08 ;0,21 ;-0,90 ;0,04 ;0,21 ;-0,23 ;0,59
04/2020;-0,31 ;1,79 ;-0,10 ;-1,37 ;0,10 ;-2,66 ;-0,20 ;-0,22 ;-0,14 ;0,00
05/2020;-0,38 ;0,24 ;-0,25 ;0,58 ;-0,58 ;-1,90 ;0,24 ;-0,10 ;-0,04 ;0,02
06/2020;0,26 ;0,38 ;0,04 ;1,30 ;-0,46 ;0,31 ;0,75 ;0,35 ;-0,05 ;0,05
07/2020;0,36 ;0,01 ;0,80 ;0,90 ;-0,52 ;0,78 ;0,51 ;0,44 ;-0,11 ;-0,12
08/2020;0,24 ;0,78 ;0,36 ;0,56 ;-0,78 ;0,82 ;0,67 ;0,50 ;-0,01 ;-3,47
09/2020;0,64 ;2,28 ;0,37 ;1,00 ;0,37 ;0,70 ;0,15 ;-0,64 ;0,09 ;-0,09
10/2020;0,86 ;1,93 ;0,36 ;1,53 ;1,11 ;1,19 ;0,21 ;0,28 ;0,19 ;-0,04
11/2020;0,89 ;2,54 ;0,44 ;0,86 ;0,07 ;1,33 ;0,29 ;-0,13 ;0,01 ;-0,02
12/2020;1,35 ;1,74 ;2,88 ;1,76 ;0,59 ;1,36 ;0,39 ;0,40 ;0,65 ;0,48
01/2021;0,25 ;1,02 ;-1,07 ;0,86 ;-0,07 ;0,41 ;0,02 ;0,32 ;0,39 ;0,13
02/2021;0,86 ;0,27 ;0,40 ;0,66 ;0,38 ;2,28 ;-0,13 ;0,62 ;0,17 ;2,48
03/2021;0,93 ;0,13 ;0,81 ;0,69 ;0,29 ;3,81 ;-0,07 ;-0,02 ;0,04 ;-0,52
04/2021;0,31 ;0,40 ;0,22 ;0,57 ;0,47 ;-0,08 ;0,08 ;1,19 ;0,01 ;0,04
05/2021;0,83 ;0,44 ;1,78 ;1,25 ;0,92 ;1,15 ;0,21 ;0,76 ;0,21 ;0,06
06/2021;0,53 ;0,43 ;1,10 ;1,09 ;1,21 ;0,41 ;-0,12 ;0,51 ;0,29 ;0,05
07/2021;0,96 ;0,60 ;3,10 ;0,78 ;0,53 ;1,52 ;0,12 ;-0,65 ;0,45 ;0,18
08/2021;0,87 ;1,39 ;0,68 ;0,99 ;1,02 ;1,46 ;0,23 ;-0,04 ;0,64 ;0,28
09/2021;1,16 ;1,02 ;2,56 ;0,90 ;0,31 ;1,82 ;0,07 ;0,39 ;0,56 ;-0,01
10/2021;1,25 ;1,17 ;1,04 ;1,27 ;1,80 ;2,62 ;0,54 ;0,39 ;0,75 ;0,06
11/2021;0,95 ;-0,04 ;1,03 ;1,03 ;0,95 ;3,35 ;0,09 ;-0,57 ;0,57 ;0,02
Fonte;IBGE;IBGE;IBGE;IBGE;IBGE;IBGE;IBGE;IBGE;IBGE;IBGE
